id,food_ids,place_context_ids,role,subject,creator,source_url,original_url,license,license_version,license_url,shot_date,caption,local_file,sha256,wp_attachment_id,wp_url,coverage
P003,M001,,dish,コシード・マドリレーニョ,jlastras,https://commons.wikimedia.org/wiki/File:Detalle_Cocido_Madrile%C3%B1o.jpg,https://upload.wikimedia.org/wikipedia/commons/9/91/Detalle_Cocido_Madrile%C3%B1o.jpg?utm_source=commons.wikimedia.org&utm_campaign=imageinfo&utm_content=original,by,2.0,https://creativecommons.org/licenses/by/2.0,未特定,コシード・マドリレーニョの盛り付け例。（実写の参考例）,photos/originals/d001-1232fc9eaa6f.jpg,1232fc9eaa6f172fab066d169cb87469c5e50dd5358061e51dea88e42c630f2c,12602,https://earthtour.jp/wp-content/uploads/2026/09/madrid100-d001a-Detalle_Cocido_Madrile_C3_B1o.jpg,corresponding dish/product
P053,M002,,dish,カジョス・ア・ラ・マドリレーニャ,Javier Lastras,https://www.flickr.com/photos/22662305@N04/4259276417,https://live.staticflickr.com/2772/4259276417_68b3a61221_o.jpg,by,2.0,https://creativecommons.org/licenses/by/2.0/,2010,カジョス・ア・ラ・マドリレーニャの盛り付け例。（実写の参考例）,photos/originals/d002-14f14f4b8893.jpg,14f14f4b8893b1f38908f4541004d93df4eb219af242639ac64ec22f8ab1b329,12603,https://earthtour.jp/wp-content/uploads/2026/09/madrid100-d002a-4259276417_4a75ed431c_b.jpg,corresponding dish/product
P019,M003,,dish,ガリネハスとエントレシホス,Tamorlan,https://commons.wikimedia.org/wiki/File:Entresijos_-_Paloma_de_2012.JPG,https://upload.wikimedia.org/wikipedia/commons/9/95/Entresijos_-_Paloma_de_2012.JPG?utm_source=commons.wikimedia.org&utm_campaign=imageinfo&utm_content=original,by-sa,3.0,https://creativecommons.org/licenses/by-sa/3.0,2012-08-15,エントレシホスのみ。ガリネハスの写真充足には数えない。（実写の参考例）,photos/originals/d003-628147e5b0e8.jpg,628147e5b0e85728fc65e049ac0707487255feb040c8b04fe1636f91153434df,12604,https://earthtour.jp/wp-content/uploads/2026/09/madrid100-d003a-1920px-Entresijos_-_Paloma_de_2012.jpg,partial: entresijos only
P054,M005,,dish,羊のモジェハス,Javier Lastras,https://www.flickr.com/photos/22662305@N04/2997106392,https://live.staticflickr.com/3018/2997106392_5ecfb8f414_o.jpg,by,2.0,https://creativecommons.org/licenses/by/2.0/,2008,羊のモジェハスの盛り付け例。（実写の参考例）,photos/originals/d005-5a4c57166b82.jpg,5a4c57166b8241d8f01e1e899288d8f2cdae31667f292f23f480414aac3d107a,12605,https://earthtour.jp/wp-content/uploads/2026/09/madrid100-d005a-2997106392_48e4b8ce49_b.jpg,corresponding dish/product
P055,M006,,dish,サラホス,Malopez 21,https://commons.wikimedia.org/w/index.php?curid=69288507,https://upload.wikimedia.org/wikipedia/commons/a/ae/Zarajo%2C_tapa_t%C3%ADpica_de_Cuenca.jpg?utm_source=commons.wikimedia.org&utm_campaign=imageinfo&utm_content=original,by-sa,4.0,https://creativecommons.org/licenses/by-sa/4.0,2018-05-04 22:32:01,クエンカのサラホスの盛り付け例。（実写の参考例）,photos/originals/d006-b01b6207ef6c.jpg,b01b6207ef6c9526d83bca88ea974092e368d4a497922c8a40fb1376335f0e6c,12606,https://earthtour.jp/wp-content/uploads/2026/09/madrid100-d006a-1920px-Zarajo_2C_tapa_t_C3_ADpica_de_Cuenca.jpg,corresponding dish/product
P038,M007,,dish,豚耳の鉄板焼き,Tamorlan,https://commons.wikimedia.org/wiki/File:Oreja_a_la_plancha-Oreja_de_Oro.jpg,https://upload.wikimedia.org/wikipedia/commons/b/b2/Oreja_a_la_plancha-Oreja_de_Oro.jpg?utm_source=commons.wikimedia.org&utm_campaign=imageinfo&utm_content=original,by,3.0,https://creativecommons.org/licenses/by/3.0,未特定,豚耳の鉄板焼きの盛り付け例。（実写の参考例）,photos/originals/d007-769b4b9bed86.jpg,769b4b9bed8633ed4721ad2295fff6b6c2adca6b942cea03c27a1fcc92e224f2,12607,https://earthtour.jp/wp-content/uploads/2026/09/madrid100-d007a-1920px-Oreja_a_la_plancha-Oreja_de_Oro.jpg,corresponding dish/product
P056,M008,,dish,ペピート・デ・テルネラ,Reixrb,https://commons.wikimedia.org/w/index.php?curid=32596548,https://upload.wikimedia.org/wikipedia/commons/2/2c/Pepito_de_ternera_Punk_Bach.jpg?utm_source=commons.wikimedia.org&utm_campaign=imageinfo&utm_content=original,by-sa,3.0,https://creativecommons.org/licenses/by-sa/3.0,2013-12-04 13:08:49,ペピート・デ・テルネラの盛り付け例。（実写の参考例）,photos/originals/d008-73f74a26cc2d.jpg,73f74a26cc2d1df54f5781a100731fa342a335d9795810273013f3fc364d8f6f,12608,https://earthtour.jp/wp-content/uploads/2026/09/madrid100-d008a-Pepito_de_ternera_Punk_Bach.jpg,corresponding dish/product
P013,M009,,dish,マドリード風カタツムリ煮込み,Tamorlan,https://commons.wikimedia.org/wiki/File:Caracoles_Madrile%C3%B1a_-_2011.JPG,https://upload.wikimedia.org/wikipedia/commons/4/4a/Caracoles_Madrile%C3%B1a_-_2011.JPG?utm_source=commons.wikimedia.org&utm_campaign=imageinfo&utm_content=original,by,3.0,https://creativecommons.org/licenses/by/3.0,未特定,マドリード風カタツムリ煮込みの盛り付け例。（実写の参考例）,photos/originals/d009-f55086e81812.jpg,f55086e818127ba56c09b2698818ebda2f3bc3141ee4fe4f21d91eedebdda282,12609,https://earthtour.jp/wp-content/uploads/2026/09/madrid100-d009a-1920px-Caracoles_Madrile_C3_B1a_-_2011.jpg,corresponding dish/product
P010,M010,,dish,ガジーナ・エン・ペピトリア,Tamorlan,https://commons.wikimedia.org/wiki/File:Gallina_en_Pepitoria_%28Ciriaco%29.JPG,https://upload.wikimedia.org/wikipedia/commons/2/20/Gallina_en_Pepitoria_%28Ciriaco%29.JPG?utm_source=commons.wikimedia.org&utm_campaign=imageinfo&utm_content=original,by-sa,3.0,https://creativecommons.org/licenses/by-sa/3.0,2012-01-29,Casa Ciriacoのペピトリア。過去の撮影で、現在の盛り付けの保証ではない。（実写の参考例）,photos/originals/d010-2feeb4d85c58.jpg,2feeb4d85c58c4cc53b6ee30271d03ebd37e5e08eeef295cd2aced5108f59d35,12610,https://earthtour.jp/wp-content/uploads/2026/09/madrid100-d010a-1920px-Gallina_en_Pepitoria__28Ciriaco_29.jpg,corresponding dish/product
P012,M011,,dish,イカフライのボカディージョ,Cecilia,https://commons.wikimedia.org/wiki/File:Bocata_de_calamares_con_salsa_brava_%28Madrid%29.jpg,https://upload.wikimedia.org/wikipedia/commons/3/35/Bocata_de_calamares_con_salsa_brava_%28Madrid%29.jpg?utm_source=commons.wikimedia.org&utm_campaign=imageinfo&utm_content=original,by,2.0,https://creativecommons.org/licenses/by/2.0,2009-06-06 13:49:18,ブラバソースを使うイカサンドの例。すべての店が同じソースを使うわけではない。（実写の参考例）,photos/originals/d011-0a5ce25b64a1.jpg,0a5ce25b64a15b5c8547d20b2fb561be7c4f4ba95e33936da96829e55d5d66b4,12601,https://earthtour.jp/wp-content/uploads/2026/09/madrid100-d011a-1920px-Bocata_de_calamares_con_salsa_brava__28Madrid_29.jpg,corresponding dish/product
P005,M012,,dish,タラの衣揚げ／ソルダディートス,Tamorlan,https://commons.wikimedia.org/wiki/File:Bacalao_Rebozado_-_Madrid.jpg,https://upload.wikimedia.org/wikipedia/commons/7/7b/Bacalao_Rebozado_-_Madrid.jpg?utm_source=commons.wikimedia.org&utm_campaign=imageinfo&utm_content=original,by,3.0,https://creativecommons.org/licenses/by/3.0,2009-06-21,タラの衣揚げ／ソルダディートスの盛り付け例。（実写の参考例）,photos/originals/d012-70b78510ea54.jpg,70b78510ea548e48fa3c5992dc04cd1467d0d113063f32b7bacb02f58103c28d,12611,https://earthtour.jp/wp-content/uploads/2026/09/madrid100-d012a-1920px-Bacalao_Rebozado_-_Madrid.jpg,corresponding dish/product
P057,M015,,dish,ウエボス・ロトス,Javier Lastras,https://www.flickr.com/photos/22662305@N04/2682778232,https://live.staticflickr.com/3244/2682778232_997e72fa75_o.jpg,by,2.0,https://creativecommons.org/licenses/by/2.0/,2008,ウエボス・ロトスの盛り付け例。（実写の参考例）,photos/originals/d015-4f050602846e.jpg,4f050602846ec12c9c9cdd73eb50eef6f8f3d6ea538e29a661058dc74f3c9b26,12612,https://earthtour.jp/wp-content/uploads/2026/09/madrid100-d015a-2682778232_412921157f_b.jpg,corresponding dish/product
P058,M016,,dish,牛尾の煮込み,Juan Emilio Prades Bel,https://commons.wikimedia.org/wiki/File:Rabo_de_ternera_estofado.jpg,https://upload.wikimedia.org/wikipedia/commons/7/7a/Rabo_de_ternera_estofado.jpg?utm_source=commons.wikimedia.org&utm_campaign=imageinfo&utm_content=original,by-sa,4.0,https://creativecommons.org/licenses/by-sa/4.0,2019-08-16 01:09:34,牛尾の煮込みの盛り付け例。（実写の参考例）,photos/originals/d016-e061c15319e0.jpg,e061c15319e09841c2f4c1d9bec2fe4bd96871e10f9348fefbddbd8e164a112d,12613,https://earthtour.jp/wp-content/uploads/2026/09/madrid100-d016a-1920px-Rabo_de_ternera_estofado.jpg,corresponding dish/product
P059,M017,,dish,カリジャーダ（頬肉の煮込み）,"LWY from Pasadena, USA",https://commons.wikimedia.org/wiki/File:Carrillada_Ib%C3%A9rica_Sevilla.jpg,https://upload.wikimedia.org/wikipedia/commons/8/81/Carrillada_Ib%C3%A9rica_Sevilla.jpg?utm_source=commons.wikimedia.org&utm_campaign=imageinfo&utm_content=original,by,2.0,https://creativecommons.org/licenses/by/2.0,2011-11-24 14:45,セビリアの豚頬肉料理の例。本文で紹介する牛頬肉の皿とは別。（実写の参考例）,photos/originals/d017-beb40f7a00a5.jpg,beb40f7a00a537bd16788e68a5321d18af0d6a87aac94790068c938f842cc814,12614,https://earthtour.jp/wp-content/uploads/2026/09/madrid100-d017a-1920px-Carrillada_Ib_C3_A9rica_Sevilla.jpg,corresponding dish/product
P060,M019,,dish,ニンニクスープ,Juan Emilio Prades Bel,https://commons.wikimedia.org/w/index.php?curid=125730813,https://upload.wikimedia.org/wikipedia/commons/0/00/Sopa_Castellana.jpg?utm_source=commons.wikimedia.org&utm_campaign=imageinfo&utm_content=original,by-sa,4.0,https://creativecommons.org/licenses/by-sa/4.0,2022-11-16 01:58:07,ニンニクスープの盛り付け例。（実写の参考例）,photos/originals/d019-cd1b2ab6c15a.jpg,cd1b2ab6c15a2aef2d15986fb58898dbc8ad18a4ba78f8e311a2747a34348ff9,12615,https://earthtour.jp/wp-content/uploads/2026/09/madrid100-d019a-1920px-Sopa_Castellana.jpg,corresponding dish/product
P061,M020,,dish,ポタヘ・デ・ビヒリア,Toniher,https://commons.wikimedia.org/w/index.php?curid=67887533,https://upload.wikimedia.org/wikipedia/commons/2/25/Potaje_de_vigilia.jpg?utm_source=commons.wikimedia.org&utm_campaign=imageinfo&utm_content=original,by-sa,4.0,https://creativecommons.org/licenses/by-sa/4.0,30 March 2018 (according to Exif data),ポタヘ・デ・ビヒリアの盛り付け例。（実写の参考例）,photos/originals/d020-c22d573b817b.jpg,c22d573b817b9917087d05a13553ff15f574b9923444c6d9b44e1c9c6d2336bc,12616,https://earthtour.jp/wp-content/uploads/2026/09/madrid100-d020a-1920px-Potaje_de_vigilia.jpg,corresponding dish/product
P052,M021,,dish,パタタス・ブラバス,Tamorlan,https://commons.wikimedia.org/wiki/File:Patatas_bravas-Lavapies.jpg,https://upload.wikimedia.org/wikipedia/commons/6/6c/Patatas_bravas-Lavapies.jpg?utm_source=commons.wikimedia.org&utm_campaign=imageinfo&utm_content=original,by,3.0,https://creativecommons.org/licenses/by/3.0,2009-07-26,パタタス・ブラバスの盛り付け例。（実写の参考例）,photos/originals/d021-04c054805b2b.jpg,04c054805b2b94feb79e9449c92499e93140ae7c82c0a3bef02e853dadd7d7d1,12617,https://earthtour.jp/wp-content/uploads/2026/09/madrid100-d021a-1920px-Patatas_bravas-Lavapies.jpg,corresponding dish/product
P027,M022,,dish,クロケタ,"La Cesta Bar Restaurante from Madrid, ES",https://commons.wikimedia.org/wiki/File:Croquetas_de_jam%C3%B3n_-_lacestabar.jpg,https://upload.wikimedia.org/wikipedia/commons/2/2c/Croquetas_de_jam%C3%B3n_-_lacestabar.jpg?utm_source=commons.wikimedia.org&utm_campaign=imageinfo&utm_content=original,by,2.0,https://creativecommons.org/licenses/by/2.0,2010-11-17 18:12,クロケタの盛り付け例。（実写の参考例）,photos/originals/d022-68daeb3eddf1.jpg,68daeb3eddf14b9fe9534afd56d84557c0712e3ef1d84d95b672c06be6a9a113,12618,https://earthtour.jp/wp-content/uploads/2026/09/madrid100-d022a-Croquetas_de_jam_C3_B3n_-_lacestabar.jpg,corresponding dish/product
P029,M024,,dish,ガンバス・アル・アヒージョ,SKaRCHa,https://commons.wikimedia.org/wiki/File:GambasAjillo.jpg,https://upload.wikimedia.org/wikipedia/commons/1/17/GambasAjillo.jpg?utm_source=commons.wikimedia.org&utm_campaign=imageinfo&utm_content=original,by-sa,2.0,https://creativecommons.org/licenses/by-sa/2.0,2005-05-20,ガンバス・アル・アヒージョの盛り付け例。（実写の参考例）,photos/originals/d024-0a6b2e36a49f.jpg,0a6b2e36a49f79bfa763399ad019f47e57c53f09ca36c3c7358bca8d98485d40,12619,https://earthtour.jp/wp-content/uploads/2026/09/madrid100-d024a-GambasAjillo.jpg,corresponding dish/product
P009,M025,,dish,マッシュルームのアヒージョ,Tamorlan,https://commons.wikimedia.org/wiki/File:Champi%C3%B1ones_al_ajillo_%28Madrid%29.jpg,https://upload.wikimedia.org/wikipedia/commons/f/f3/Champi%C3%B1ones_al_ajillo_%28Madrid%29.jpg?utm_source=commons.wikimedia.org&utm_campaign=imageinfo&utm_content=original,by,3.0,https://creativecommons.org/licenses/by/3.0,未特定,マッシュルームのアヒージョの盛り付け例。（実写の参考例）,photos/originals/d025-0e1a5b16a353.jpg,0e1a5b16a353517b142a06040227b28f820f10dad8516377386ab75d59eddb31,12620,https://earthtour.jp/wp-content/uploads/2026/09/madrid100-d025a-1920px-Champi_C3_B1ones_al_ajillo__28Madrid_29.jpg,corresponding dish/product
P062,M026,,dish,カタクチイワシの酢漬け（ボケロネス）,Kent Wang,https://www.flickr.com/photos/27454212@N00/176756159,https://live.staticflickr.com/63/176756159_ce5d559ba7_o.jpg,by-sa,2.0,https://creativecommons.org/licenses/by-sa/2.0/,2006,カタクチイワシの酢漬け（ボケロネス）の盛り付け例。（実写の参考例）,photos/originals/d026-609dd1ba4e53.jpg,609dd1ba4e537ffac004f23ceebb55df8eb8119071642a055b61c03fa1838812,12621,https://earthtour.jp/wp-content/uploads/2026/09/madrid100-d026a-176756159_7eb37bf3af_h.jpg,corresponding dish/product
P006,M028,,dish,バンデリージャ（漬物の串）,Tamorlan,https://commons.wikimedia.org/wiki/File:Banderillas_de_encurtidos.jpg,https://upload.wikimedia.org/wikipedia/commons/1/13/Banderillas_de_encurtidos.jpg?utm_source=commons.wikimedia.org&utm_campaign=imageinfo&utm_content=original,by-sa,3.0,https://creativecommons.org/licenses/by-sa/3.0,未特定,バンデリージャ（漬物の串）の盛り付け例。（実写の参考例）,photos/originals/d028-a30ef97e0723.jpg,a30ef97e07230f7b00bd4183c387dad5ff1f702ca9cfc4b3c83ae6859d776c2e,12622,https://earthtour.jp/wp-content/uploads/2026/09/madrid100-d028a-1920px-Banderillas_de_encurtidos.jpg,corresponding dish/product
P023,M030,,dish,小ナスの酢漬け,Tamorlan,https://commons.wikimedia.org/wiki/File:Berenjenas_en_vinagre-Lavapies.jpg,https://upload.wikimedia.org/wikipedia/commons/b/b9/Berenjenas_en_vinagre-Lavapies.jpg?utm_source=commons.wikimedia.org&utm_campaign=imageinfo&utm_content=original,by,3.0,https://creativecommons.org/licenses/by/3.0,未特定,小ナスの酢漬けの盛り付け例。（実写の参考例）,photos/originals/d030-7af3ec690cfb.jpg,7af3ec690cfb6dfcbea7995156e52a331c1dea799518d44077f797ec290b2525,12623,https://earthtour.jp/wp-content/uploads/2026/09/madrid100-d030a-1920px-Berenjenas_en_vinagre-Lavapies.jpg,corresponding dish/product
P063,M031,,dish,エンサラディージャ・ルサ,Tamorlan ; reprocessed by Off-shell,https://commons.wikimedia.org/w/index.php?curid=39889554,https://upload.wikimedia.org/wikipedia/commons/0/01/Ensaladilla_Rusa_-_Madrid_corrected.JPG?utm_source=commons.wikimedia.org&utm_campaign=imageinfo&utm_content=original,by-sa,3.0,https://creativecommons.org/licenses/by-sa/3.0,2012-04-15 15:29:41,エンサラディージャ・ルサの盛り付け例。（実写の参考例）,photos/originals/d031-9e567fd602fc.jpg,9e567fd602fc822068b0ff3188eb82cb7586bcd2703a0254f31f7e64dbd9d464,12624,https://earthtour.jp/wp-content/uploads/2026/09/madrid100-d031a-1920px-Ensaladilla_Rusa_-_Madrid_corrected.jpg,corresponding dish/product
P064,M033,,dish,モルシージャ,Krista,https://www.flickr.com/photos/49215102@N00/3470207966,https://live.staticflickr.com/3637/3470207966_c92a58e21c_o.jpg,by,2.0,https://creativecommons.org/licenses/by/2.0/,2009,モルシージャを含むタパスの皿。（実写の参考例）,photos/originals/d033-b5a27de94772.jpg,b5a27de947729d9e175be756695d29e9fd1fc72e4e6249a413d2b9a086335e0f,12625,https://earthtour.jp/wp-content/uploads/2026/09/madrid100-d033a-3470207966_dbf75f48c1_b.jpg,corresponding dish/product
P065,M034,,dish,チストーラ,Flickr user jlastras,https://commons.wikimedia.org/w/index.php?curid=6083956,https://upload.wikimedia.org/wikipedia/commons/a/a8/Chistorra.jpg?utm_source=commons.wikimedia.org&utm_campaign=imageinfo&utm_content=original,by,2.0,https://creativecommons.org/licenses/by/2.0,2008-10-17,チストーラを切り分けた皿。（実写の参考例）,photos/originals/d034-031b4ec91e91.jpg,031b4ec91e9140fabf40c30a475879bda99113697c85b543f6819cda6db83ca7,12626,https://earthtour.jp/wp-content/uploads/2026/09/madrid100-d034a-Chistorra.jpg,corresponding dish/product
P066,M035,,dish,ハモン・イベリコ,Gerard Romans Camps,https://www.flickr.com/photos/19516011@N00/3062766075,https://live.staticflickr.com/3280/3062766075_d9fe9f19df_o.jpg,by,2.0,https://creativecommons.org/licenses/by/2.0/,2008,ハモン・イベリコの盛り付け例。（実写の参考例）,photos/originals/d035-bb7bb2a130f6.jpg,bb7bb2a130f60dd9b43d7f07af2b18f536b8249e46cc8894fe269a0f7ddb1840,12627,https://earthtour.jp/wp-content/uploads/2026/09/madrid100-d035a-3062766075_f672c1b0a0_h.jpg,corresponding dish/product
P067,M037,,dish,チョリソーのシドラ煮,chispita_666,https://www.flickr.com/photos/12477719@N00/4536649449,https://live.staticflickr.com/4052/4536649449_76fd2f0c77_o.jpg,by,2.0,https://creativecommons.org/licenses/by/2.0/,2010,チョリソーのシドラ煮の盛り付け例。（実写の参考例）,photos/originals/d037-2517eabf1479.jpg,2517eabf1479b2f0a339c791e73f9a601762b2fae911c16a3ceb0f3292e721b3,12628,https://earthtour.jp/wp-content/uploads/2026/09/madrid100-d037a-4536649449_1e643b53bd_h.jpg,corresponding dish/product
P068,M038,,dish,ピキーリョの詰め物,https://www.flickr.com/people/sindandune/,https://commons.wikimedia.org/w/index.php?curid=4461731,https://upload.wikimedia.org/wikipedia/commons/7/7e/Pimientos_del_piquillo_rellenos.jpg?utm_source=commons.wikimedia.org&utm_campaign=imageinfo&utm_content=original,by-sa,2.0,https://creativecommons.org/licenses/by-sa/2.0,2008-03-29,ピキーリョの詰め物の例。中の具は店ごとに異なる。（実写の参考例）,photos/originals/d038-fa5b2bc6544b.jpg,fa5b2bc6544ba65529f2216d0614ad3df39697a3b8107377511773c495027120,12629,https://earthtour.jp/wp-content/uploads/2026/09/madrid100-d038a-1920px-Pimientos_del_piquillo_rellenos.jpg,corresponding dish/product
P069,M039,,dish,カツオ類入りエンパナディージャ,Núria Farregut,https://www.flickr.com/photos/14549133@N03/6288901274,https://live.staticflickr.com/6216/6288901274_d70986bf6c_o.jpg,by,2.0,https://creativecommons.org/licenses/by/2.0/,2011,ツナを包んだエンパナディージャの例。Casa Ciriacoのボニート入りの現物ではない。（実写の参考例）,photos/originals/d039-ee1c165764b2.jpg,ee1c165764b24917818ef23dd8d22f5c6b03c7c5c835d2e66ea52ee0b827ca78,12630,https://earthtour.jp/wp-content/uploads/2026/09/madrid100-d039a-6288901274_d70986bf6c_o.jpg,corresponding dish/product
P070,M040,,dish,アグハ・デ・テルネラ,Tamorlan,https://commons.wikimedia.org/w/index.php?curid=7541397,https://upload.wikimedia.org/wikipedia/commons/4/47/Aguja_de_ternera-Madrid.jpg?utm_source=commons.wikimedia.org&utm_campaign=imageinfo&utm_content=original,by,3.0,https://creativecommons.org/licenses/by/3.0,未特定,アグハ・デ・テルネラの盛り付け例。（実写の参考例）,photos/originals/d040-117c21f18250.jpg,117c21f182508a4d0260d91e1c5906fe57c26fc643f6195f4eb3f2cef82028b8,12631,https://earthtour.jp/wp-content/uploads/2026/09/madrid100-d040a-1920px-Aguja_de_ternera-Madrid.jpg,corresponding dish/product
P071,M041,,dish,仔豚のロースト,Tamorlan,https://commons.wikimedia.org/w/index.php?curid=7911380,https://upload.wikimedia.org/wikipedia/commons/0/07/Cochinillo_asado-Madrid.jpg?utm_source=commons.wikimedia.org&utm_campaign=imageinfo&utm_content=original,by,3.0,https://creativecommons.org/licenses/by/3.0,未特定,仔豚のローストの盛り付け例。（実写の参考例）,photos/originals/d041-011adef616b7.jpg,011adef616b73720ff7575cc2747244b0a4c95e3ed708554546e8c03cc085c0d,12632,https://earthtour.jp/wp-content/uploads/2026/09/madrid100-d041a-1920px-Cochinillo_asado-Madrid.jpg,corresponding dish/product
P072,M042,,dish,仔羊の肩肉ロースト,deramaenrama,https://www.flickr.com/photos/46877481@N00/2272184512,https://live.staticflickr.com/2192/2272184512_de6dea4efc_o.jpg,by,2.0,https://creativecommons.org/licenses/by/2.0/,2007,仔羊の肩肉ローストの盛り付け例。（実写の参考例）,photos/originals/d042-8a6956576d1b.jpg,8a6956576d1b142303093a4703715b70f176d09058017eda6836ab62d625532c,12633,https://earthtour.jp/wp-content/uploads/2026/09/madrid100-d042a-2272184512_de6dea4efc_o.jpg,corresponding dish/product
P073,M043,,dish,プルポ・ア・フェイラ,Boca Dorada,https://www.flickr.com/photos/25658898@N00/235318107,https://live.staticflickr.com/82/235318107_14b233da7a_o.jpg,by-sa,2.0,https://creativecommons.org/licenses/by-sa/2.0/,2006,プルポ・ア・フェイラの盛り付け例。（実写の参考例）,photos/originals/d043-2f5941573028.jpg,2f59415730284b2f5d24577c42c72fefff501b51909f6a7ce5832c962aa33f35,12634,https://earthtour.jp/wp-content/uploads/2026/09/madrid100-d043a-235318107_03dc315193_h.jpg,corresponding dish/product
P028,M045,,dish,ツナのエンパナーダ,Tamorlan,https://commons.wikimedia.org/wiki/File:Empanadas_de_At%C3%BAn-2009.jpg,https://upload.wikimedia.org/wikipedia/commons/e/e0/Empanadas_de_At%C3%BAn-2009.jpg?utm_source=commons.wikimedia.org&utm_campaign=imageinfo&utm_content=original,by,3.0,https://creativecommons.org/licenses/by/3.0,2009-09-05,ツナのエンパナーダの盛り付け例。（実写の参考例）,photos/originals/d045-5c68c7189583.jpg,5c68c71895838c4d3d0659ec386041704c7fad27e189eeb496c4842aecfe2750,12635,https://earthtour.jp/wp-content/uploads/2026/09/madrid100-d045a-1920px-Empanadas_de_At_C3_BAn-2009.jpg,corresponding dish/product
P074,M046,,dish,ファバーダ,Txo,https://commons.wikimedia.org/w/index.php?curid=95179513,https://upload.wikimedia.org/wikipedia/commons/6/6f/Fabada_asturiana_en_Tielve_%28cropped%29.jpg?utm_source=commons.wikimedia.org&utm_campaign=imageinfo&utm_content=original,by-sa,4.0,https://creativecommons.org/licenses/by-sa/4.0,2017-04-16 14:23:24,ファバーダの盛り付け例。（実写の参考例）,photos/originals/d046-372edb951cbe.jpg,372edb951cbef542a98d76d808895758833351d21a63f02a31c4115e7cbd83e2,12636,https://earthtour.jp/wp-content/uploads/2026/09/madrid100-d046a-1920px-Fabada_asturiana_en_Tielve__28cropped_29.jpg,corresponding dish/product
P075,M047,,dish,カチョポ,Kent Wang,https://commons.wikimedia.org/w/index.php?curid=152211531,https://upload.wikimedia.org/wikipedia/commons/1/11/Cachopo%2C_KANTXA_Bera-Bera_01.jpg?utm_source=commons.wikimedia.org&utm_campaign=imageinfo&utm_content=original,by-sa,4.0,https://creativecommons.org/licenses/by-sa/4.0,2024-08-11 23:03:55,カチョポの盛り付け例。（実写の参考例）,photos/originals/d047-72d61f0d2724.jpg,72d61f0d27240b901c96590d963c9866f01b859e717ccfac7ba4336d32063e25,12637,https://earthtour.jp/wp-content/uploads/2026/09/madrid100-d047a-1920px-Cachopo_2C_KANTXA_Bera-Bera_01.jpg,corresponding dish/product
P076,M048,,dish,白インゲン豆とアサリの煮込み,Javier Lastras,https://www.flickr.com/photos/22662305@N04/2778822059,https://live.staticflickr.com/3041/2778822059_bf665e2b98_o.jpg,by,2.0,https://creativecommons.org/licenses/by/2.0/,2008,白インゲン豆とアサリの煮込みの盛り付け例。（実写の参考例）,photos/originals/d048-0ad3124a34df.jpg,0ad3124a34df6fd0b214b504999ccab1550c75647651d1f687e5e73b2ea19f8d,12638,https://earthtour.jp/wp-content/uploads/2026/09/madrid100-d048a-2778822059_efaa3e9231_c.jpg,corresponding dish/product
P077,M049,,dish,メルルーサのガリシア風,Javier Lastras,https://www.flickr.com/photos/22662305@N04/4281809031,https://live.staticflickr.com/2747/4281809031_c95931b15e_o.jpg,by,2.0,https://creativecommons.org/licenses/by/2.0/,2010,メルルーサのガリシア風の盛り付け例。（実写の参考例）,photos/originals/d049-4396c161272c.jpg,4396c161272c6a227e6296b372d77f4bf374e9455602befc25dde8c8ad5a3192,12639,https://earthtour.jp/wp-content/uploads/2026/09/madrid100-d049a-4281809031_aab7dab3b6_b.jpg,corresponding dish/product
P078,M050,,dish,小イカの鉄板焼き,Basotxerri,https://commons.wikimedia.org/w/index.php?curid=38386736,https://upload.wikimedia.org/wikipedia/commons/a/a9/Chipirones_a_la_plancha.JPG?utm_source=commons.wikimedia.org&utm_campaign=imageinfo&utm_content=original,by-sa,4.0,https://creativecommons.org/licenses/by-sa/4.0,2014-11-27 20:35:33,小イカの鉄板焼きの盛り付け例。（実写の参考例）,photos/originals/d050-876ed331d6bc.img,876ed331d6bc4d06058079b97ddc462872119994a99aaf1a4647fe70a06f71b6,12640,https://earthtour.jp/wp-content/uploads/2026/09/madrid100-d050a-1920px-Chipirones_a_la_plancha.jpg,corresponding dish/product
P079,M051,,dish,魚介のサルピコン,Tamorlan,https://commons.wikimedia.org/w/index.php?curid=8248857,https://upload.wikimedia.org/wikipedia/commons/0/03/Salpic%C3%B3n_de_mariscos-2009.jpg?utm_source=commons.wikimedia.org&utm_campaign=imageinfo&utm_content=original,by,3.0,https://creativecommons.org/licenses/by/3.0,未特定,魚介のサルピコンの盛り付け例。（実写の参考例）,photos/originals/d051-3ffb0cbd6aa2.jpg,3ffb0cbd6aa27a2867531a2ab6100eaff204580aefdbd3a021a8203db2363929,12641,https://earthtour.jp/wp-content/uploads/2026/09/madrid100-d051a-1920px-Salpic_C3_B3n_de_mariscos-2009-scaled.jpg,corresponding dish/product
P016,M052,,dish,ガンバス・ア・ラ・ガバルディーナ,Tamorlan,https://commons.wikimedia.org/wiki/File:Gambas_a_la_gabardina-2009.jpg,https://upload.wikimedia.org/wikipedia/commons/9/9a/Gambas_a_la_gabardina-2009.jpg?utm_source=commons.wikimedia.org&utm_campaign=imageinfo&utm_content=original,by,3.0,https://creativecommons.org/licenses/by/3.0,未特定,ガンバス・ア・ラ・ガバルディーナの盛り付け例。（実写の参考例）,photos/originals/d052-d56316e6146f.jpg,d56316e6146f452ec403c44c7c0546aeea1cd714d6090b15a487fc6698ea0bac,12642,https://earthtour.jp/wp-content/uploads/2026/09/madrid100-d052a-1920px-Gambas_a_la_gabardina-2009.jpg,corresponding dish/product
P080,M053,,dish,コウイカの鉄板焼き,Boca Dorada,https://www.flickr.com/photos/25658898@N00/2620734046,https://live.staticflickr.com/3142/2620734046_9185e450b8_o.jpg,by-sa,2.0,https://creativecommons.org/licenses/by-sa/2.0/,2008,コウイカの鉄板焼きの盛り付け例。（実写の参考例）,photos/originals/d053-1ead0ab5b409.jpg,1ead0ab5b4095232e11a687e6c38e7d814299d07e260f87fe82b4c81e6810203,12643,https://earthtour.jp/wp-content/uploads/2026/09/madrid100-d053a-2620734046_59b892ca18_h.jpg,corresponding dish/product
P081,M054,,dish,サンブリーニャス,A. Munar,https://www.flickr.com/photos/47461835@N08/7191023482,https://live.staticflickr.com/7088/7191023482_f19124566e_o.jpg,by-sa,2.0,https://creativecommons.org/licenses/by-sa/2.0/,2012,サンブリーニャスの盛り付け例。（実写の参考例）,photos/originals/d054-5d85df297199.jpg,5d85df297199b82a9edb175ce18ee7b9fe114de93a6e41c2881d2575ff8648e2,12644,https://earthtour.jp/wp-content/uploads/2026/09/madrid100-d054a-7191023482_8aed2cfed8_b.jpg,corresponding dish/product
P082,M057,,dish,パエリア,jacinta lluch valero,https://www.flickr.com/photos/70626035@N00/8418480180,https://live.staticflickr.com/8082/8418480180_540226f595_o.jpg,by-sa,2.0,https://creativecommons.org/licenses/by-sa/2.0/,2013,パエリアの盛り付け例。（実写の参考例）,photos/originals/d057-b9fc3887776f.jpg,b9fc3887776fde0503116d3bf1076c198e528f4e178f4c488ef81dc59b041674,12645,https://earthtour.jp/wp-content/uploads/2026/09/madrid100-d057a-8418480180_47b551b3dc_h.jpg,corresponding dish/product
P083,M058,,dish,セピア入りの黒い米料理,Javier Lastras,https://www.flickr.com/photos/22662305@N04/2690782542,https://live.staticflickr.com/3198/2690782542_5a8711633f_o.jpg,by,2.0,https://creativecommons.org/licenses/by/2.0/,2008,セピア入りの黒い米料理の盛り付け例。（実写の参考例）,photos/originals/d058-5e7f7abc81ac.jpg,5e7f7abc81ac783e76ae603c7de2f5006738f9b885a6232fc170767e33c67d12,12646,https://earthtour.jp/wp-content/uploads/2026/09/madrid100-d058a-2690782542_5d69e36c15_b.jpg,corresponding dish/product
P084,M059,,dish,ガスパチョ,tomatoes and friends,https://www.flickr.com/photos/49845772@N03/4812761687,https://live.staticflickr.com/4118/4812761687_6cd9a8740e_o.jpg,by,2.0,https://creativecommons.org/licenses/by/2.0/,2010,ガスパチョの盛り付け例。（実写の参考例）,photos/originals/d059-35bf5d75325b.jpg,35bf5d75325b5ddc85986b58018ee4480bb9af2c57470809fc0c54e6fed58f78,12647,https://earthtour.jp/wp-content/uploads/2026/09/madrid100-d059a-4812761687_0ea6e193a4_h.jpg,corresponding dish/product
P085,M060,,dish,サルモレホ・コルドベス,Cillas,https://commons.wikimedia.org/w/index.php?curid=4226801,https://upload.wikimedia.org/wikipedia/commons/3/3a/Salmorejo_cordob%C3%A9s.JPG?utm_source=commons.wikimedia.org&utm_campaign=imageinfo&utm_content=original,by-sa,4.0,https://creativecommons.org/licenses/by-sa/4.0,2008-06,サルモレホ・コルドベスの盛り付け例。（実写の参考例）,photos/originals/d060-4b52b23c26cd.jpg,4b52b23c26cd995af43a75dac25fa2ceedcedf8d42f111c2ef521d10d146f966,12648,https://earthtour.jp/wp-content/uploads/2026/09/madrid100-d060a-1920px-Salmorejo_cordob_C3_A9s.jpg,corresponding dish/product
P026,"M061,M062",,dish,チュロス,"WeI-chieh Chiu from Taipei, Taiwan",https://commons.wikimedia.org/wiki/File:Chocolater%C3%ADa_San_Gin%C3%A9s_%2810512648395%29.jpg,https://upload.wikimedia.org/wikipedia/commons/b/b7/Chocolater%C3%ADa_San_Gin%C3%A9s_%2810512648395%29.jpg?utm_source=commons.wikimedia.org&utm_campaign=imageinfo&utm_content=original,by-sa,2.0,https://creativecommons.org/licenses/by-sa/2.0,2013-10-04 23:53,San Ginésのチュロス（細い生地）とポラス（太い生地）、チョコレート。二種類の形を比べる写真。（実写の参考例）,photos/originals/d061-31b33d10bd91.jpg,31b33d10bd91f8fb0bb1f6177289f0b28462b8710007197cfa996c8c3494f9c2,12649,https://earthtour.jp/wp-content/uploads/2026/09/madrid100-d061a-1920px-Chocolater_C3_ADa_San_Gin_C3_A9s__2810512648395_29.jpg,corresponding dish/product
P040,M063,,dish,トリハス,Eduardo,https://commons.wikimedia.org/wiki/File:Torrija_y_tenedor.jpg,https://upload.wikimedia.org/wikipedia/commons/a/a2/Torrija_y_tenedor.jpg?utm_source=commons.wikimedia.org&utm_campaign=imageinfo&utm_content=original,by-sa,2.0,https://creativecommons.org/licenses/by-sa/2.0,2009-04-12 18:20,トリハスの例。（実写の参考例）,photos/originals/d063-55185359994c.jpg,55185359994c9a5b4eb896f2e35c4b08e6a210c87e4b071c4e05efee0166cda0,12650,https://earthtour.jp/wp-content/uploads/2026/09/madrid100-d063a-1920px-Torrija_y_tenedor.jpg,corresponding dish/product
P032,M064,,dish,バルトリージョス,Tamorlan,https://commons.wikimedia.org/wiki/File:Bartolillos_de_crema_%28La_Mallorquina%29.jpg,https://upload.wikimedia.org/wikipedia/commons/a/a6/Bartolillos_de_crema_%28La_Mallorquina%29.jpg?utm_source=commons.wikimedia.org&utm_campaign=imageinfo&utm_content=original,by,3.0,https://creativecommons.org/licenses/by/3.0,未特定,バルトリージョスの例。（実写の参考例）,photos/originals/d064-b21949368a7a.jpg,b21949368a7a054552211708007950d6a0fdc8ad444100ebcd3f9200d7a4df47,12651,https://earthtour.jp/wp-content/uploads/2026/09/madrid100-d064a-1920px-Bartolillos_de_crema__28La_Mallorquina_29.jpg,corresponding dish/product
P018,M065,,dish,サン・イシドロのロスキージャス,Tamorlan,https://commons.wikimedia.org/wiki/File:Apilamiento_de_Rosquillas-2011.JPG,https://upload.wikimedia.org/wikipedia/commons/8/81/Apilamiento_de_Rosquillas-2011.JPG?utm_source=commons.wikimedia.org&utm_campaign=imageinfo&utm_content=original,by,3.0,https://creativecommons.org/licenses/by/3.0,未特定,サン・イシドロのロスキージャスの例。（実写の参考例）,photos/originals/d065-b01cc5298e83.jpg,b01cc5298e83c0275ab0f9e8c8fa068fbb443e2d499b3014ca40848d18a7e5d9,12652,https://earthtour.jp/wp-content/uploads/2026/09/madrid100-d065a-1920px-Apilamiento_de_Rosquillas-2011.jpg,corresponding dish/product
P036,M066,,dish,サン・アントンのパネシージョス,Tamorlan,https://commons.wikimedia.org/wiki/File:Panecillos_de_San_Ant%C3%B3n-2010_%28Marquesita%29.jpg,https://upload.wikimedia.org/wikipedia/commons/a/af/Panecillos_de_San_Ant%C3%B3n-2010_%28Marquesita%29.jpg?utm_source=commons.wikimedia.org&utm_campaign=imageinfo&utm_content=original,by,3.0,https://creativecommons.org/licenses/by/3.0,未特定,サン・アントンのパネシージョスの例。（実写の参考例）,photos/originals/d066-051cb4a9d1de.jpg,051cb4a9d1de56d4b1a908771aef542e8dcff6d7fa85dd2134327fa6944df95f,12653,https://earthtour.jp/wp-content/uploads/2026/09/madrid100-d066a-1920px-Panecillos_de_San_Ant_C3_B3n-2010__28Marquesita_29.jpg,corresponding dish/product
P086,M067,,dish,コロナ・デ・ラ・アルムデナ,Viviendo Madrid,https://www.flickr.com/photos/51344807@N06/15561070059,https://live.staticflickr.com/5614/15561070059_6b98930abe_o.jpg,by,2.0,https://creativecommons.org/licenses/by/2.0/,2014,コロナ・デ・ラ・アルムデナの例。（実写の参考例）,photos/originals/d067-e226d6038c1e.jpg,e226d6038c1e4ae30255d649c0fa83d474bf1f470a3e940c2db13910ccb9c170,12654,https://earthtour.jp/wp-content/uploads/2026/09/madrid100-d067a-15561070059_6b98930abe_o.jpg,corresponding dish/product
P041,M068,,dish,ウエソス・デ・サント,Tamorlan,https://commons.wikimedia.org/wiki/File:Huesitos_del_Santo.jpg,https://upload.wikimedia.org/wikipedia/commons/d/d1/Huesitos_del_Santo.jpg?utm_source=commons.wikimedia.org&utm_campaign=imageinfo&utm_content=original,by,3.0,https://creativecommons.org/licenses/by/3.0,未特定,ウエソス・デ・サントの例。（実写の参考例）,photos/originals/d068-eda88c09472f.jpg,eda88c09472f41451503b84df6911a3eac3c722466c7c0f6fceedb3a34c53aac,12655,https://earthtour.jp/wp-content/uploads/2026/09/madrid100-d068a-1920px-Huesitos_del_Santo.jpg,corresponding dish/product
P014,M069,,dish,ブニュエロス・デ・ビエント,Tamorlan,https://commons.wikimedia.org/wiki/File:Bu%C3%B1uelos_de_Madrid.jpg,https://upload.wikimedia.org/wikipedia/commons/2/2c/Bu%C3%B1uelos_de_Madrid.jpg?utm_source=commons.wikimedia.org&utm_campaign=imageinfo&utm_content=original,by,3.0,https://creativecommons.org/licenses/by/3.0,未特定,ブニュエロス・デ・ビエントの例。（実写の参考例）,photos/originals/d069-06bc69e84802.jpg,06bc69e84802469b26126a29b32fc4f79221434d4f7537b5719cef08902ec400,12656,https://earthtour.jp/wp-content/uploads/2026/09/madrid100-d069a-1920px-Bu_C3_B1uelos_de_Madrid.jpg,corresponding dish/product
P007,M070,,dish,バルキージョス,Tamorlan,https://commons.wikimedia.org/wiki/File:Barquillos_de_Madrid.JPG,https://upload.wikimedia.org/wikipedia/commons/9/9f/Barquillos_de_Madrid.JPG?utm_source=commons.wikimedia.org&utm_campaign=imageinfo&utm_content=original,by-sa,3.0,https://creativecommons.org/licenses/by-sa/3.0,2012-03-04,バルキージョスの例。（実写の参考例）,photos/originals/d070-73829e024972.jpg,73829e0249727d3ce19b0a9cc489f015bf8ed3412d34281113478908ae4d51bf,12657,https://earthtour.jp/wp-content/uploads/2026/09/madrid100-d070a-1920px-Barquillos_de_Madrid.jpg,corresponding dish/product
P087,M071,,dish,ロスコン・デ・レジェス,El Coleccionista de Instantes  Fotografía & Video,https://www.flickr.com/photos/31195974@N05/6642866499,https://live.staticflickr.com/7029/6642866499_fec0073e17_o.jpg,by-sa,2.0,https://creativecommons.org/licenses/by-sa/2.0/,2013,ロスコン・デ・レジェスの例。（実写の参考例）,photos/originals/d071-8c24ef4a1eab.jpg,8c24ef4a1eab917f118997c05093d631bf4d974e57e204d7737c99fb3a3b5956,12658,https://earthtour.jp/wp-content/uploads/2026/09/madrid100-d071a-6642866499_a26058595d_h.jpg,corresponding dish/product
P035,M072,,dish,ナポリターナ,Tamorlan,https://commons.wikimedia.org/wiki/File:Napolitanas_-_2008.JPG,https://upload.wikimedia.org/wikipedia/commons/f/f6/Napolitanas_-_2008.JPG?utm_source=commons.wikimedia.org&utm_campaign=imageinfo&utm_content=original,by,3.0,https://creativecommons.org/licenses/by/3.0,2008-06-10,ナポリターナの例。（実写の参考例）,photos/originals/d072-4bc23afa4a7c.jpg,4bc23afa4a7c2615052c72114072011aa5bd367d05acdfbe7cabc78d7e45642e,12659,https://earthtour.jp/wp-content/uploads/2026/09/madrid100-d072a-1920px-Napolitanas_-_2008.jpg,corresponding dish/product
P088,M076,,dish,ペスティーニョス,Tamorlan,https://commons.wikimedia.org/w/index.php?curid=7547500,https://upload.wikimedia.org/wikipedia/commons/0/06/Pesti%C3%B1os-Madrid.jpg?utm_source=commons.wikimedia.org&utm_campaign=imageinfo&utm_content=original,by,3.0,https://creativecommons.org/licenses/by/3.0,未特定,ペスティーニョスの例。（実写の参考例）,photos/originals/d076-20982806994d.jpg,20982806994d981dc51f7ac2cacc2896d393e1f0dc38e2ee8d4cad3f143209e7,12660,https://earthtour.jp/wp-content/uploads/2026/09/madrid100-d076a-1920px-Pesti_C3_B1os-Madrid.jpg,corresponding dish/product
P089,M077,,dish,トゥロン,Tamorlan,https://commons.wikimedia.org/w/index.php?curid=8249019,https://upload.wikimedia.org/wikipedia/commons/5/5b/Turr%C3%B3n_de_Alicante_%28Casa_Mira%29.jpg?utm_source=commons.wikimedia.org&utm_campaign=imageinfo&utm_content=original,by,3.0,https://creativecommons.org/licenses/by/3.0,未特定,トゥロンの例。（実写の参考例）,photos/originals/d077-d1c363a5a060.jpg,d1c363a5a060affe1cff6c73258d8d906356261729b7757a61a44c5fb5d0aa81,12661,https://earthtour.jp/wp-content/uploads/2026/09/madrid100-d077a-1920px-Turr_C3_B3n_de_Alicante__28Casa_Mira_29.jpg,corresponding dish/product
P090,M080,,dish,スミレのキャンディー,m. m. v.,https://www.flickr.com/photos/32179778@N00/25781180125,https://live.staticflickr.com/1474/25781180125_6fb892e80f_o.jpg,by,2.0,https://creativecommons.org/licenses/by/2.0/,2016,スミレのキャンディーの例。（実写の参考例）,photos/originals/d080-84ca0449987f.jpg,84ca0449987f7330fdfe9a34bb8bdd74f50fe0fe796baf14d3f1ec4ddda6c26e,12662,https://earthtour.jp/wp-content/uploads/2026/09/madrid100-d080a-25781180125_dc21018aee_h.jpg,corresponding dish/product
P042,M082,,dish,アルカラのコストラーダ,Raimundo Pastor,https://commons.wikimedia.org/wiki/File:Costrada_de_Alcal%C3%A1_de_Henares_(RPS_18-12-2012).png,https://upload.wikimedia.org/wikipedia/commons/8/82/Costrada_de_Alcal%C3%A1_de_Henares_%28RPS_18-12-2012%29.png?utm_source=commons.wikimedia.org&utm_campaign=imageinfo&utm_content=original,by-sa,4.0,https://creativecommons.org/licenses/by-sa/4.0,2012-12-18,アルカラのコストラーダ。パイ、クリーム、メレンゲを重ねた菓子。（実写の参考例）,photos/originals/d082-682d4a913d42.png,682d4a913d4267cdbe21688616995cd848fe1b28b44ef6d0678e71b3bad682ea,12663,https://earthtour.jp/wp-content/uploads/2026/09/madrid100-d082a-Costrada_de_Alcal_C3_A1_de_Henares__28RPS_18-12-2012_29.png,corresponding dish/product
P043,M082,,dish,アルカラのコストラーダ,Raimundo Pastor,https://commons.wikimedia.org/wiki/File:Costrada_de_Alcal%C3%A1_Henares_(RPS_08-11-2014)_porci%C3%B3n.png,https://upload.wikimedia.org/wikipedia/commons/b/b1/Costrada_de_Alcal%C3%A1_Henares_%28RPS_08-11-2014%29_porci%C3%B3n.png?utm_source=commons.wikimedia.org&utm_campaign=imageinfo&utm_content=original,by-sa,4.0,https://creativecommons.org/licenses/by-sa/4.0,2014-11-08,切り分けたコストラーダ。もう一枚と同じ菓子を続けて撮影した写真ではない。（実写の参考例）,photos/originals/d082-bb5aee4ee8d1.png,bb5aee4ee8d1ea804ee3256581bf7549f4b270635e62e7cf58ae3a8e3cd4a933,12664,https://earthtour.jp/wp-content/uploads/2026/09/madrid100-d082b-Costrada_de_Alcal_C3_A1_Henares__28RPS_08-11-2014_29_porci_C3_B3n.png,corresponding dish/product
P030,M083,,dish,ウエソス・デ・サン・エスペディート,Tamorlan,https://commons.wikimedia.org/wiki/File:Huesos_de_San_Expedito_%28Detalle%29-2009.jpg,https://upload.wikimedia.org/wikipedia/commons/4/40/Huesos_de_San_Expedito_%28Detalle%29-2009.jpg?utm_source=commons.wikimedia.org&utm_campaign=imageinfo&utm_content=original,by,3.0,https://creativecommons.org/licenses/by/3.0,未特定,ウエソス・デ・サン・エクスペディトの揚げ菓子。（実写の参考例）,photos/originals/d083-bfef174442ca.jpg,bfef174442ca3fbdda38d3f1bd61b382fac5b0eb0fca01f797f92d23592e7a54,12665,https://earthtour.jp/wp-content/uploads/2026/09/madrid100-d083a-1920px-Huesos_de_San_Expedito__28Detalle_29-2009.jpg,corresponding dish/product
P091,M086,,dish,カンポ・レアルのオリーブ,m. m. v.,https://www.flickr.com/photos/32179778@N00/46806913165,https://live.staticflickr.com/65535/46806913165_6735440767_o.jpg,cc0,1.0,https://creativecommons.org/publicdomain/zero/1.0/,2019,撮影者がCampo Realと記したオリーブを添えた食卓。産地認証を示す写真ではない。（実写の参考例）,photos/originals/d086-b96f7cb4f803.jpg,b96f7cb4f8039ea1bc9597136d80128c9114e3709dc34641170fa3b88f172030,12666,https://earthtour.jp/wp-content/uploads/2026/09/madrid100-d086a-46806913165_eac10991b3_h.jpg,corresponding dish/product
P092,M087,,dish,カンポ・レアルのチーズ,"Allen Gathman from Pocahontas, MO, USA",https://commons.wikimedia.org/w/index.php?curid=64022444,https://upload.wikimedia.org/wikipedia/commons/8/88/Queso_de_Campo_Real_tierno.jpg?utm_source=commons.wikimedia.org&utm_campaign=imageinfo&utm_content=original,by-sa,2.0,https://creativecommons.org/licenses/by-sa/2.0,2010-06-26 04:26,Campo Realのラベルが見えるチーズ。製品の一例。（実写の参考例）,photos/originals/d087-1f8fe1793208.jpg,1f8fe1793208b07caccfff0608bb0ac6abe507ad365e4f0dd3800f43fa8847d5,12667,https://earthtour.jp/wp-content/uploads/2026/09/madrid100-d087a-Queso_de_Campo_Real_tierno.jpg,corresponding dish/product
P093,M092,,dish,チョコラテ・ア・ラ・タサ,Boca Dorada,https://www.flickr.com/photos/25658898@N00/2354626187,https://live.staticflickr.com/2366/2354626187_57f963baaa_o.jpg,by-sa,2.0,https://creativecommons.org/licenses/by-sa/2.0/,2008,チョコレートのカップとトリハ。紹介店の現在の提供写真ではない。（実写の参考例）,photos/originals/d092-1daa2746795a.jpg,1daa2746795ae62f4e8cd91515d7fd6b169791ffdfce65ba0340b50f695341f3,12668,https://earthtour.jp/wp-content/uploads/2026/09/madrid100-d092a-2354626187_d68a25d37f_h.jpg,corresponding dish/product
P094,M093,,dish,レチェ・メレンガーダ,Migle,https://www.flickr.com/photos/69668444@N03/7747567292,https://live.staticflickr.com/8295/7747567292_d822da5d6f_o.jpg,by-sa,2.0,https://creativecommons.org/licenses/by-sa/2.0/,2012,レチェ・メレンガーダの冷菓仕立て。飲み物と冷菓の作り方がある。（実写の参考例）,photos/originals/d093-438209a33674.jpg,438209a33674546df0aba2ce5e1efa8992102c05027925980827a1eb7837bed8,12669,https://earthtour.jp/wp-content/uploads/2026/09/madrid100-d093a-7747567292_62d4b8cd48_b.jpg,corresponding dish/product
P095,M094,,dish,カサ・ミンゴのシドラ,deramaenrama,https://www.flickr.com/photos/46877481@N00/244756816,https://live.staticflickr.com/85/244756816_2478fb8bd2_o.jpg,by,2.0,https://creativecommons.org/licenses/by/2.0/,2006,Casa Mingoのシードル。瓶のラベルで店名を確認できる。（実写の参考例）,photos/originals/d094-398920753f22.jpg,398920753f22f2a7a3a190dfc12ecc35d7a80a7e4b35c16855097cdf49bd2a85,12670,https://earthtour.jp/wp-content/uploads/2026/09/madrid100-d094a-244756816_2478fb8bd2_c.jpg,corresponding dish/product
P096,M095,,dish,樽出しベルモット,kerinin,https://www.flickr.com/photos/85563234@N00/14484594506,https://live.staticflickr.com/3876/14484594506_d02233539b_o.jpg,by-sa,2.0,https://creativecommons.org/licenses/by-sa/2.0/,2014,ベルムーの一杯。紹介店の現在のグラスではない。（実写の参考例）,photos/originals/d095-8e216ce3bf84.jpg,8e216ce3bf845d59636ad8805a8f189dfc21a769d7ae5ef0ffec77bcc1363e3d,12671,https://earthtour.jp/wp-content/uploads/2026/09/madrid100-d095a-14484594506_8415b17565_h.jpg,corresponding dish/product
P097,M099,,dish,チンチョンのアニス酒,Zarateman,https://commons.wikimedia.org/w/index.php?curid=41992757,https://upload.wikimedia.org/wikipedia/commons/1/10/An%C3%ADs_de_Chinch%C3%B3n_%28Madrid%29.jpg?utm_source=commons.wikimedia.org&utm_campaign=imageinfo&utm_content=original,cc0,,http://creativecommons.org/publicdomain/zero/1.0/deed.en,2015-07-31,チンチョンのアニス酒。瓶詰め製品の例。（実写の参考例）,photos/originals/d099-687840b03339.jpg,687840b03339b5291b1a73b6617d5a5f926e86e476049c36acc84813efc47650,12672,https://earthtour.jp/wp-content/uploads/2026/09/madrid100-d099a-1920px-An_C3_ADs_de_Chinch_C3_B3n__28Madrid_29.jpg,corresponding dish/product
P098,M018,,dish,アルボンディガス,Juan Emilio Prades Bel,"https://commons.wikimedia.org/wiki/File:Alb%C3%B3ndigas_con_salsa_y_patatas_fritas,_plato_t%C3%ADpico_de_Espa%C3%B1a.jpg",https://upload.wikimedia.org/wikipedia/commons/5/50/Alb%C3%B3ndigas_con_salsa_y_patatas_fritas%2C_plato_t%C3%ADpico_de_Espa%C3%B1a.jpg?utm_source=commons.wikimedia.org&utm_campaign=imageinfo&utm_content=original,by-sa,4.0,https://creativecommons.org/licenses/by-sa/4.0,2021-07-19 14:51:18,ソースで煮た肉団子とポテト。スペインの盛り付け例。（実写の参考例）,photos/originals/d018-29f9199ceabf.jpg,29f9199ceabfcd31cca0466456953bd13d0075820a37cacb9ea34279f42d2f51,12673,https://earthtour.jp/wp-content/uploads/2026/09/madrid100-d018a-gas_con_salsa_y_patatas_fritas_2C_plato_t_C3_ADpico_de_Espa_C3_B1a.jpg,corresponding dish/product
P099,M023,,dish,ジャガイモのトルティージャ,Tamorlan,https://commons.wikimedia.org/wiki/File:Tortilla_de_Patatas_(Corte_transversal).jpg,https://upload.wikimedia.org/wikipedia/commons/c/c0/Tortilla_de_Patatas_%28Corte_transversal%29.jpg?utm_source=commons.wikimedia.org&utm_campaign=imageinfo&utm_content=original,by-sa,3.0,https://creativecommons.org/licenses/by-sa/3.0,未特定,じゃがいものトルティージャの断面。（実写の参考例）,photos/originals/d023-532bfc0ccb6c.jpg,532bfc0ccb6c66172b3b7f586165c72728699117efc43bfe3b87e6a290701a76,12674,https://earthtour.jp/wp-content/uploads/2026/09/madrid100-d023a-1920px-Tortilla_de_Patatas__28Corte_transversal_29.jpg,corresponding dish/product
P100,M029,,dish,カサ・ミンゴのローストチキン,deramaenrama,https://www.flickr.com/photos/46877481@N00/244756820,https://live.staticflickr.com/93/244756820_902e2a5df3_o.jpg,by,2.0,https://creativecommons.org/licenses/by/2.0/,2006,Casa Mingoのローストチキン。撮影当時の提供例。（実写の参考例）,photos/originals/d029-0762aa88bdd4.jpg,0762aa88bdd455e2c1a6e98f5bb02a7e40a12e51c796b94c9b3d906fa25fb5b5,12675,https://earthtour.jp/wp-content/uploads/2026/09/madrid100-d029a-244756820_902e2a5df3_c.jpg,corresponding dish/product
P101,M032,,dish,トレスノス,ErPibe,https://commons.wikimedia.org/wiki/File:Torrezno_de_Soria.jpg,https://upload.wikimedia.org/wikipedia/commons/2/20/Torrezno_de_Soria.jpg?utm_source=commons.wikimedia.org&utm_campaign=imageinfo&utm_content=original,by-sa,4.0,https://creativecommons.org/licenses/by-sa/4.0,2022-06-04 13:35:37,ソリアのトレスノ。肉と脂、皮の層が見える。（実写の参考例）,photos/originals/d032-0eb90e773197.jpg,0eb90e7731979d0df1de0306a167cc20d8033f169f24d5ca95a13f1d09b58b76,12676,https://earthtour.jp/wp-content/uploads/2026/09/madrid100-d032a-Torrezno_de_Soria.jpg,corresponding dish/product
P102,M036,,dish,セシーナ,作者不明,https://commons.wikimedia.org/wiki/File:Cecina_de_Le%C3%B3n.jpg,https://upload.wikimedia.org/wikipedia/commons/6/68/Cecina_de_Le%C3%B3n.jpg?utm_source=commons.wikimedia.org&utm_campaign=imageinfo&utm_content=original,by-sa,2.0,https://creativecommons.org/licenses/by-sa/2.0,未特定,薄く切ったレオンのセシーナ。（実写の参考例）,photos/originals/d036-cbf0449a046d.jpg,cbf0449a046d86ea541a3c7236dae0b1ffa693f4820b5bc85a0054edf9b02862,12677,https://earthtour.jp/wp-content/uploads/2026/09/madrid100-d036a-Cecina_de_Le_C3_B3n.jpg,corresponding dish/product
P103,M044,,dish,トルトス・デ・マイス,Benitoypepe,https://commons.wikimedia.org/wiki/File:TortosAsturianos.jpg,https://upload.wikimedia.org/wikipedia/commons/a/a2/TortosAsturianos.jpg?utm_source=commons.wikimedia.org&utm_campaign=imageinfo&utm_content=original,by-sa,4.0,https://creativecommons.org/licenses/by-sa/4.0,2015-07-27,アストゥリアスのトルトス。具をのせる前の揚げ生地。（実写の参考例）,photos/originals/d044-42173aef611e.jpg,42173aef611e747e1acb31238fcb043c3dc60a205d7ed963d43d7e53610e850a,12678,https://earthtour.jp/wp-content/uploads/2026/09/madrid100-d044a-TortosAsturianos.jpg,corresponding dish/product
P104,M055,,dish,ムール貝,Venta Aurelio,https://commons.wikimedia.org/w/index.php?curid=57509697,https://upload.wikimedia.org/wikipedia/commons/4/46/Mejillones_al_vapor.jpg?utm_source=commons.wikimedia.org&utm_campaign=imageinfo&utm_content=original,by-sa,4.0,https://creativecommons.org/licenses/by-sa/4.0,2016-03-09 14:09:46,蒸したムール貝をレモンと盛り付けた例。（実写の参考例）,photos/originals/d055-1e9dbac3208f.jpg,1e9dbac3208f12eb842c2d7d6bac6d8ca606be3d9ecbeaaaf17547fba9a4d67c,12679,https://earthtour.jp/wp-content/uploads/2026/09/madrid100-d055a-1920px-Mejillones_al_vapor.jpg,corresponding dish/product
P105,M075,,dish,スイソ,Tamorlan,https://commons.wikimedia.org/w/index.php?curid=7739014,https://upload.wikimedia.org/wikipedia/commons/6/6e/Suizos-%22La_Mallorquina%22-2009.jpg?utm_source=commons.wikimedia.org&utm_campaign=imageinfo&utm_content=original,by,3.0,https://creativecommons.org/licenses/by/3.0,未特定,La Mallorquinaのスイソ。撮影当時の商品。（実写の参考例）,photos/originals/d075-e42c5f1c62a5.jpg,e42c5f1c62a5fbe1af62c6fc91b68b3ba09e93d237fafd31338fe10a69bd50a8,12680,https://earthtour.jp/wp-content/uploads/2026/09/madrid100-d075a-1920px-Suizos-_22La_Mallorquina_22-2009.jpg,corresponding dish/product
P106,M078,,dish,マサパン,Tamorlan,https://commons.wikimedia.org/w/index.php?curid=8308331,https://upload.wikimedia.org/wikipedia/commons/6/6f/Mazap%C3%A1n-Casa_Mira-2009.jpg?utm_source=commons.wikimedia.org&utm_campaign=imageinfo&utm_content=original,by,3.0,https://creativecommons.org/licenses/by/3.0,未特定,Casa Miraのマサパン。撮影当時の商品。（実写の参考例）,photos/originals/d078-1e574d7301a4.jpg,1e574d7301a4b60c3ccf672c571aeb393bada15ed1198c04e06e0391a85d0006,12681,https://earthtour.jp/wp-content/uploads/2026/09/madrid100-d078a-1920px-Mazap_C3_A1n-Casa_Mira-2009.jpg,corresponding dish/product
P107,M084,,dish,ラルディのスフレ,Tamorlan,https://commons.wikimedia.org/wiki/File:Souffl%C3%A9_(Lhardy).jpg,https://upload.wikimedia.org/wikipedia/commons/3/38/Souffl%C3%A9_%28Lhardy%29.jpg?utm_source=commons.wikimedia.org&utm_campaign=imageinfo&utm_content=original,by-sa,3.0,https://creativecommons.org/licenses/by-sa/3.0,未特定,Lhardyのスフレ。撮影当時の提供例。（実写の参考例）,photos/originals/d084-69c9bc91f00a.jpg,69c9bc91f00a6ac3aeb43d3eda1bfcbe2862d01c40cbb9503dcd40403243ab03,12682,https://earthtour.jp/wp-content/uploads/2026/09/madrid100-d084a-1920px-Souffl_C3_A9__28Lhardy_29.jpg,corresponding dish/product
P108,M100,,dish,マドリードで造るクラフトビール,Draceane,"https://commons.wikimedia.org/wiki/File:Cervecer%C3%ADa_La_Can%C3%ADbal,_20251119_200252.jpg",https://upload.wikimedia.org/wikipedia/commons/4/41/Cervecer%C3%ADa_La_Can%C3%ADbal%2C_20251119_200252.jpg?utm_source=commons.wikimedia.org&utm_campaign=imageinfo&utm_content=original,by-sa,4.0,https://creativecommons.org/licenses/by-sa/4.0,2025-11-19 20:02,La Caníbalの飲み比べ用ビール。銘柄ごとの味をこの写真だけで特定することはできない。（実写の参考例）,photos/originals/d100-f0b497d4023e.jpg,f0b497d4023ee8efcd5d7b3b3782c24e15bbcb5e64bf9882a7e162a0ee4b2ded,12683,https://earthtour.jp/wp-content/uploads/2026/09/madrid100-d100a-1920px-Cervecer_C3_ADa_La_Can_C3_ADbal_2C_20251119_200252.jpg,corresponding dish/product
P109,M027,,dish,スモークサーモン,Gerwin Sturm,https://www.flickr.com/photos/9294749@N03/24830686199,https://live.staticflickr.com/1558/24830686199_94097a6458_o.jpg,by-sa,2.0,https://creativecommons.org/licenses/by-sa/2.0/,2016,冷燻サーモンをパンやチーズと盛った一般料理写真。Lhardyの卵の糸を添えた皿とは異なる。（実写の参考例）,photos/originals/d027-e7f231258952.jpg,e7f2312589528b99079a36700367f17cfea5f0faec36bb024cb2259658fd69d8,12684,https://earthtour.jp/wp-content/uploads/2026/09/madrid100-d027a-24830686199_32bf1260cb_h.jpg,corresponding dish/product
P110,M056,,dish,生牡蠣,Claude Covo-Farchi,https://commons.wikimedia.org/wiki/File:Oysters_in_circle_on_plate.jpg,https://upload.wikimedia.org/wikipedia/commons/3/3a/Oysters_in_circle_on_plate.jpg?utm_source=commons.wikimedia.org&utm_campaign=imageinfo&utm_content=original,by-sa,2.0,https://creativecommons.org/licenses/by-sa/2.0,2007-01-09 18:30:27,殻を開けた生牡蠣の盛り付け例。撮影店・産地は未特定。（実写の参考例）,photos/originals/d056-3eaaad4434c6.jpg,3eaaad4434c652de80a120e0fcc7947a1c0284770f2debaf56860097b0a52add,12685,https://earthtour.jp/wp-content/uploads/2026/09/madrid100-d056a-Oysters_in_circle_on_plate.jpg,corresponding dish/product
P111,M079,,dish,ポルボロネス,Marianne Perdomo,https://commons.wikimedia.org/wiki/File:Polvor%C3%B3n_de_Estepa.jpg,https://upload.wikimedia.org/wikipedia/commons/8/8b/Polvor%C3%B3n_de_Estepa.jpg?utm_source=commons.wikimedia.org&utm_campaign=imageinfo&utm_content=original,by-sa,4.0,https://creativecommons.org/licenses/by-sa/4.0,2007-12-23,エステパのポルボロンの断面。きめ細かな生地がほろりと崩れる。（実写の参考例）,photos/originals/d079-4741a9b983c0.jpg,4741a9b983c058f76efb2738cbcd3a4fe369a49d07db622071866568e911704f,12686,https://earthtour.jp/wp-content/uploads/2026/09/madrid100-d079a-1920px-Polvor_C3_B3n_de_Estepa.jpg,corresponding dish/product
P112,M098,,dish,マドリードのDOワイン,Magnus Reuterdahl,https://commons.wikimedia.org/wiki/File:Magus_Cided_Rosado_semiseco_Vino_de_Madrid_(700x449).jpg,https://upload.wikimedia.org/wikipedia/commons/f/f3/Magus_Cided_Rosado_semiseco_Vino_de_Madrid_%28700x449%29.jpg?utm_source=commons.wikimedia.org&utm_campaign=imageinfo&utm_content=original,by-sa,2.0,https://creativecommons.org/licenses/by-sa/2.0,2017-04-24 18:38:23,Vino de Madridと表示されたロゼの瓶。銘柄の製品例。（実写の参考例）,photos/originals/d098-40bfd79c0308.img,40bfd79c0308fa4934940f5eed6a312b77447735497946d09d1a51c259bcf2ee,12687,https://earthtour.jp/wp-content/uploads/2026/09/madrid100-d098a-Magus_Cided_Rosado_semiseco_Vino_de_Madrid__28700x449_29.jpg,corresponding dish/product
P113,,"L03,L04",scene,マドリード王宮の外観,FlyingCrimsonPig,https://www.flickr.com/photos/97546353@N06/42717740642,https://live.staticflickr.com/1758/42717740642_0f0e327ab7_o.jpg,by,2.0,https://creativecommons.org/licenses/by/2.0/,2018,マドリード王宮の外観。撮影時の風景。,photos/originals/s_d1-0900-74df663aaf8a.img,74df663aaf8aadab41e057305900308c3fb513e25d6bae0a8ebeff21c863d043,12688,https://earthtour.jp/wp-content/uploads/2026/09/madrid100-sd10900a-42717740642_e93604e53f_h.jpg,scene only; not counted as dish
P114,,"L01,L02",scene,マヨール広場,Jean-Pierre Dalbéra,https://www.flickr.com/photos/72746018@N00/4661359482,https://live.staticflickr.com/4058/4661359482_cfd1ef896c_o.jpg,by,2.0,https://creativecommons.org/licenses/by/2.0/,2010,マヨール広場。撮影時の風景。,photos/originals/s_d1-2000-64028d3099a3.jpg,64028d3099a31a349288f4ea0b487467d42e6716dd7a10507eb508e1a0c87bc4,12689,https://earthtour.jp/wp-content/uploads/2026/09/madrid100-sd12000a-4661359482_cdd350e9a4_h.jpg,scene only; not counted as dish
P115,,L20,scene,カルボネラス修道院の入口,Javier Perez Montes,https://commons.wikimedia.org/w/index.php?curid=165415855,https://upload.wikimedia.org/wikipedia/commons/6/62/Convento_de_las_Carboneras_del_Corpus_Christi_-_Plaza_del_Conde_de_Miranda_-_Madrid_01.jpg?utm_source=commons.wikimedia.org&utm_campaign=imageinfo&utm_content=original,by-sa,4.0,https://creativecommons.org/licenses/by-sa/4.0,2025-05-16 17:50:24,カルボネラス修道院の入口。撮影時の風景。,photos/originals/s_d2-1200-e18d4467dd4b.jpg,e18d4467dd4b0b9b5a96161f4c0917d012e821ceec90f12d878dbdc66c5805f2,12690,https://earthtour.jp/wp-content/uploads/2026/09/madrid100-sd21200a-oneras_del_Corpus_Christi_-_Plaza_del_Conde_de_Miranda_-_Madrid_01-scaled.jpg,scene only; not counted as dish
P116,,L23,scene,サン・ミゲル市場の屋根と周囲の建物,Jean-Pierre Dalbéra,https://www.flickr.com/photos/72746018@N00/4676589542,https://live.staticflickr.com/4051/4676589542_c6e5256af3_o.jpg,by,2.0,https://creativecommons.org/licenses/by/2.0/,2010,サン・ミゲル市場の屋根と周囲の建物。撮影時の風景。,photos/originals/s_d2-2000-7beaf33d1f36.jpg,7beaf33d1f364b31a2aba3494dadda458c8570e65b34993c4d3ce95caef5844b,12691,https://earthtour.jp/wp-content/uploads/2026/09/madrid100-sd22000a-4676589542_d30aefdec7_h.jpg,scene only; not counted as dish
P117,,L17,scene,エル・ラストロの露店,g p,https://www.flickr.com/photos/28776871@N02/3092784119,https://live.staticflickr.com/3164/3092784119_32f588f359_o.jpg,by,2.0,https://creativecommons.org/licenses/by/2.0/,2008,エル・ラストロの露店。撮影時の風景。,photos/originals/s_d3-1200-20befaed5064.jpg,20befaed5064f763df857ea8bfe045638d42b0dc511e4cfaef146d283f1f873d,12692,https://earthtour.jp/wp-content/uploads/2026/09/madrid100-sd31200a-3092784119_38c346d965_h.jpg,scene only; not counted as dish
P118,,L24,scene,サン・アントン市場の飲食フロア,Jose Felix,https://www.flickr.com/photos/9399838@N04/5854445676,https://live.staticflickr.com/3028/5854445676_108b0ed36a_o.jpg,by,2.0,https://creativecommons.org/licenses/by/2.0/,2011,サン・アントン市場の飲食フロア。撮影時の風景。,photos/originals/s_d3-1600-71342ce63dff.jpg,71342ce63dff2ff526276e0752c37485807e1843da18610351836e76fe24ba76,12693,https://earthtour.jp/wp-content/uploads/2026/09/madrid100-sd31600a-5854445676_82cd44ffca_b.jpg,scene only; not counted as dish
P119,,L25,scene,アントン・マルティン市場の外観,m. m. v.,https://www.flickr.com/photos/32179778@N00/35457877880,https://live.staticflickr.com/4205/35457877880_e04582d87a_o.jpg,by,2.0,https://creativecommons.org/licenses/by/2.0/,2017,アントン・マルティン市場の外観。撮影時の風景。,photos/originals/s_d4-0900-84f76945d753.jpg,84f76945d753cf183c66b3351eeafa1710724b5e8c68b73c05004538b70f0317,12694,https://earthtour.jp/wp-content/uploads/2026/09/madrid100-sd40900a-35457877880_7884c62f1c_h.jpg,scene only; not counted as dish
P120,,L09,scene,ソフィア王妃芸術センターの建築空間,losmininos,https://www.flickr.com/photos/72723202@N00/1677579839,https://live.staticflickr.com/2176/1677579839_451bb4a924_o.jpg,by-sa,2.0,https://creativecommons.org/licenses/by-sa/2.0/,2005,ソフィア王妃芸術センターの建築空間。撮影時の風景。,photos/originals/s_d4-1200-99e25b048352.jpg,99e25b048352976a97ffd7657f265b53fabfb1893b12e138904de82dd71e35fc,12695,https://earthtour.jp/wp-content/uploads/2026/09/madrid100-sd41200a-1677579839_1f26ec2fe8_h.jpg,scene only; not counted as dish
P121,,"L11,L12",scene,レティーロ公園の堕天使の像,Rafael Verdejo,https://www.flickr.com/photos/57600984@N06/5301055877,https://live.staticflickr.com/5047/5301055877_ef1e25d76c_o.jpg,by,2.0,https://creativecommons.org/licenses/by/2.0/,2010,レティーロ公園の堕天使の像。撮影時の風景。,photos/originals/s_d5-0900-46cb030cd1d5.jpg,46cb030cd1d571247f0a3f89a73894bab7a4e12677dfc047b9bcf91981dccc36,12696,https://earthtour.jp/wp-content/uploads/2026/09/madrid100-sd50900a-5301055877_edf49865ea_b.jpg,scene only; not counted as dish
P122,,L05,scene,アルムデナ大聖堂の外観,Catedrales  e Iglesias\/Cathedrals and Churches,https://www.flickr.com/photos/12950131@N06/3227774324,https://live.staticflickr.com/3117/3227774324_c7e637dfa2_o.jpg,by,2.0,https://creativecommons.org/licenses/by/2.0/,2009,アルムデナ大聖堂の外観。撮影時の風景。,photos/originals/s_d5-1600-8d970fddec17.jpg,8d970fddec178965ea386c29cb9bc0a175345413164f0efb15f7923d0a3c996c,12697,https://earthtour.jp/wp-content/uploads/2026/09/madrid100-sd51600a-3227774324_d2543a4073_b.jpg,scene only; not counted as dish
P123,,L07,scene,カンポ・デル・モーロ庭園のシャレー,Antonio Pérez .,https://www.flickr.com/photos/141639681@N05/28356036153,https://live.staticflickr.com/8106/28356036153_a685aa27e3_o.jpg,cc0,1.0,https://creativecommons.org/publicdomain/zero/1.0/,2016,カンポ・デル・モーロ庭園のシャレー。撮影時の風景。,photos/originals/s_d5-2000-34a0f9e24299.jpg,34a0f9e24299c84365ca96667b0167e97160e4bd0af2a2d5e1fa7575eba41071,12698,https://earthtour.jp/wp-content/uploads/2026/09/madrid100-sd52000a-28356036153_b53832ed90_h.jpg,scene only; not counted as dish
P124,,L06,scene,王室コレクション周辺からの眺望,Gerda Arendt,https://commons.wikimedia.org/w/index.php?curid=154935349,https://upload.wikimedia.org/wikipedia/commons/6/65/View_from_Galer%C3%ADa_de_las_Colecciones_Reales%2C_Madrid.jpg?utm_source=commons.wikimedia.org&utm_campaign=imageinfo&utm_content=original,cc0,,http://creativecommons.org/publicdomain/zero/1.0/deed.en,2024-10-30 13:41:08,王室コレクション周辺からの眺望。撮影時の風景。,photos/originals/s_d6-1200-32db83354e38.jpg,32db83354e38adf39b22c55babaea92a1a1069e23e5159b4a6c11f8cc4c77187,12699,https://earthtour.jp/wp-content/uploads/2026/09/madrid100-sd61200a-1920px-View_from_Galer_C3_ADa_de_las_Colecciones_Reales_2C_Madrid.jpg,scene only; not counted as dish
P125,,L13,scene,アルカラ門,Alquiler de Coches,https://www.flickr.com/photos/33083165@N02/3381019512,https://live.staticflickr.com/3090/3381019512_2a619d631d_o.jpg,by,2.0,https://creativecommons.org/licenses/by/2.0/,2009,アルカラ門。撮影時の風景。,photos/originals/s_d6-2000-cd6d25b80fd8.jpg,cd6d25b80fd8750da6c390f39840c730bd0e685d8dcc673dbeb3f69f9db1f03a,12700,https://earthtour.jp/wp-content/uploads/2026/09/madrid100-sd62000a-3381019512_a3f012ec04_h.jpg,scene only; not counted as dish
P126,,L28,scene,アランフエスの回廊,VALDITHRASH,https://www.flickr.com/photos/132132738@N03/37248168405,https://live.staticflickr.com/4377/37248168405_dcb249e8eb_o.jpg,by,2.0,https://creativecommons.org/licenses/by/2.0/,2017,アランフエスの回廊。撮影時の風景。,photos/originals/s_d7-0900-74f6ea3756b1.jpg,74f6ea3756b1855ae695740a41692b1a7833e17b25672ce18bb44ac707332b4d,12701,https://earthtour.jp/wp-content/uploads/2026/09/madrid100-sd70900a-37248168405_de92b922d8_h.jpg,scene only; not counted as dish
P127,,L14,scene,シベーレス宮殿,Edgardo W. Olivera,https://www.flickr.com/photos/124137421@N04/25814396043,https://live.staticflickr.com/1545/25814396043_9bd08d7b53_o.jpg,by,2.0,https://creativecommons.org/licenses/by/2.0/,2013,シベーレス宮殿。撮影時の風景。,photos/originals/s_d7-1600-ddcdb011cd76.jpg,ddcdb011cd76f60068426c981c21c86f9ec24f67e951e6db1582dcea4df6bfe3,12702,https://earthtour.jp/wp-content/uploads/2026/09/madrid100-sd71600a-25814396043_cdba381bdf_h.jpg,scene only; not counted as dish
P128,,L29,scene,チンチョンの街と中央広場,diego_cue,https://commons.wikimedia.org/w/index.php?curid=30451163,https://upload.wikimedia.org/wikipedia/commons/1/1a/Chinch%C3%B3n_-_Madrid_-_Spain.jpg?utm_source=commons.wikimedia.org&utm_campaign=imageinfo&utm_content=original,by-sa,3.0,https://creativecommons.org/licenses/by-sa/3.0,"Date, time or both in the file Exif metadata are incorrect/invalid.",チンチョンの街と中央広場。撮影時の風景。,photos/originals/s_d7-2000-675110dab7ad.jpg,675110dab7ad207e32c77cfe88a2e760a9c255f3e4f46191656633f35a6954c0,12703,https://earthtour.jp/wp-content/uploads/2026/09/madrid100-sd72000a-Chinch_C3_B3n_-_Madrid_-_Spain.jpg,scene only; not counted as dish
