M001|ひよこ豆と肉、野菜を一緒に煮て、鍋の汁も具も食べ尽くすコシード。マドリードを知る昼食に、まず挙げたい料理だ。La Bolaは一人用の土鍋を炭火にかけ、スープと具を二段階で出す。一方、市が紹介するLa Claveはコロッケから始まる四段階。一つの鍋を何皿に分けるかにも、店の流儀が現れる。|肉を煮出した汁と、煮汁を含むひよこ豆。豆のほくほくした中身、野菜、肉を、皿が替わるごとに味わい分けられる。|ほくほく,やわらか,汁を含む|スープから具へ進む提供なら、最初の一皿でパンを食べ過ぎず、豆と肉にもお腹を残す。
M002|カジョスは牛の胃を中心にした煮込み。Los Galayosの説明では足や鼻先も使い、部位ごとの違いを一皿にまとめる。マドリードの酒場では、豆が主役のコシードと並ぶ内臓料理の代表格だ。Casa Enriquetaのように辛口と明記する店もあり、赤い煮汁の印象だけで同じ味と考えない方が面白い。|胃のひだに煮汁が絡む。肉の繊維をほぐす煮込みとは違う、内臓の弾力と、煮込んだ部位のやわらかさを比べる料理。|ひだに絡む,弾力,煮込みの厚み|具を少しずつ取り分け、残ったソースにはパンを合わせる。辛い料理が苦手ならpicanteの表記を見る。
M003|ガリネハスは羊の腸、エントレシホスは腸間膜。似た揚げ物に見えても同じ部位ではなく、マドリードの祭りと結び付く一組だ。市の紹介は、限られた食材を活かしてきた庶民の料理として位置付ける。Casa Enriquetaにはそれぞれの皿と盛り合わせがあり、細い腸と広がる脂の形を並べて見られる。|揚げた表面の歯応えと、内側に残るやわらかさ。部位の形が違うため、同じ鍋で揚げても食べ口まで同じにはならない。|カリッ,脂のやわらかさ,部位の違い|二つを一項目として食べ比べる。盛り合わせを頼むならmixtaが目印。
M004|カヌートスは、Casa Enriquetaが「羊の太い腸をしっかり揚げたもの」と説明する内臓料理。同店ではガリネハスやエントレシホスと別に載っており、腸の太さと揚げ加減が選び分けの鍵になる。管状の形を残した小さな揚げ物で、肉を巻いた料理でもパスタでもない。|店の説明が強調するのは、よく揚げたcrujienteという歯応え。しっとりした煮込みとは反対に、揚げた表面を楽しむ。|カリカリ,管状,しっかり揚げる|最初は半量のmedia raciónも選択肢。羊の内臓を数種類並べる場合は少しずつ。
M005|羊のモジェハスは食用の腺を使う料理。Casa Enriquetaではニンニクを合わせた鉄板焼きとして出す。mollejasは鶏の場合に砂肝を指すこともあるが、ここで扱うのはcordero、羊のものだ。腸の揚げ物と同じ店で見かけても、部位と火の入れ方が異なる。|小さな塊の表面を鉄板で焼き、ニンニクを合わせる。薄い腸のカリカリした揚げ物とは違う、肉厚な一口になる。|小さな塊,焼いた表面,肉厚|メニューの動物名と調理法を一緒に読む。corderoとa la plancha con ajoがこの皿の目印。
M006|羊の腸を二本の棒に巻いたサラホス。巻き付けた形が目を引く、カスティーリャ側の内臓料理だ。Casa Enriquetaでは塩水で処理して燻したものを三つに切り、揚げて仕上げると説明する。棒に巻く成形、燻す工程、最後の揚げ加熱を知ると、見慣れない姿にも理由が見えてくる。|巻いた腸の重なりと、揚げた切り口が特徴。平たい肉を焼くのとは異なり、細い部位が幾重にも重なる。|巻いた層,揚げた縁,歯応え|棒は食べず、切り分けられた部分をフォークで。サラホスと小型のミニサラホスは一項目内の違いとして選ぶ。
M007|豚耳の鉄板焼きは、マドリードのバルで見かけるoreja a la plancha。Casa Enriquetaには鉄板焼きと、ジャガイモにブラバソースを合わせる別の皿がある。耳という同じ材料でも、焼いた表面を楽しむかソースと食べるかで印象が変わる。羊の腸の揚げ物と一緒に並べれば、内臓料理の幅が分かる。|皮の内側に軟骨があるため、やわらかな部分とコリッとした部分が一切れに同居する。|コリッ,皮の弾力,焼き目|熱いうちに少量ずつ。ソース付きが好みなら、料理名の後に何が添えられるかまで読む。
M008|牛肉をパンに挟むペピート・デ・テルネラは、イカサンドと並べて知りたい軽食。市の食文化記事も、牛肉のサンドをマドリードのバルの味として取り上げる。挽き肉を丸めたハンバーガーではなく、牛肉を挟む点が見分けどころ。パン、肉の厚さ、添える具は店ごとに異なる。|パンの内側が肉の汁を受け止め、外側の皮と肉の歯応えが重なる。ソースを前提にせず、肉とパンの組合せを見る。|パンの皮,肉の歯応え,汁を含む|軽い昼食の候補に。ボカディージョの大きさと付け合わせの有無で注文量を決める。
M009|殻付きのカタツムリをソースで煮るマドリード風カラコレス。Casa Albertoの現行メニューにも郷土料理として載る。フランスのニンニクバター焼きとは調理法が異なり、こちらは煮汁をまとわせる料理だ。小さな殻がいくつも並ぶ皿は、肉の切り身とは違った酒場のつまみになる。|殻から取り出す小さな身には弾力がある。味付けはソースが担うため、辛さや香味の違いが店の個性になる。|小さな身,弾力,ソースが絡む|身を殻から取り出して食べる。殻そのものを噛まず、付属の道具を使う。
M010|ガジーナ・エン・ペピトリアは、鶏をアーモンドや卵黄のソースで煮る料理。Casa Ciriacoの看板料理にもなっており、黄色いソースはナッツ、卵、香辛料の組合せから生まれる。カスティーリャに広がる料理を首都の老舗が受け継ぐ例で、マドリードだけの発明とする必要はない。|すりつぶしたアーモンドと卵黄が煮汁に厚みを与える。鶏肉とソースを一緒に口へ運ぶと、材料の役割が分かりやすい。|煮た肉,とろみ,細かなナッツ|骨付きの部分は骨を外し、ソースを絡めて。残ったソースをパンで楽しめる煮込み。
M011|内陸の首都でまずかじりたいのが、イカフライをパンに挟むボカディージョ。マヨール広場の回廊や路地と一緒に覚えたい名物だ。輪切りのイカに衣を付けて揚げ、パンの間に重ねる構成は明快。市が紹介するレシピにはソースを使う例もあり、すべてが同じ味付けというわけではない。|パンの皮、揚げ衣、イカの弾力が順番に当たる。熱いイカとパンを一緒にかじれる形そのものが、この軽食の楽しさ。|衣のカリッ,イカの弾力,パンの厚み|ソースの有無を選べる店では好みを伝える。広場を眺める散策の一食にし、他の大皿と詰め込みすぎない。
M012|塩ダラに衣を付けて揚げる一品。ソル近くのCasa Labraは、タラの衣揚げとクロケタで知られる。魚の身をそのまま包む衣揚げと、具をまとめ直すクロケタは、同じ魚でも中身の構造が違う。ソルダディートス・デ・パビアという名前もあるが、店ごとの名称と仕上げを尊重して選びたい。|揚げ衣を割ると中には魚の身。パン粉をまとわせたクリーム状のクロケタとは違い、身のほぐれ方が見える。|衣の歯応え,身のほぐれ,揚げた表面|一個売りと皿売りを区別して頼む。魚の揚げ物を比べるならクロケタと少量ずつ。
M013|ベスーゴのマドリード風は、市の郷土料理案内にも載る魚料理。海から離れた首都の食文化は、イカサンドや塩ダラだけではない。besugoという魚名と、a la madrileñaという仕立てを組み合わせた名前で探す。丸ごとの魚を焼く料理として、切り身の揚げ物とは違う食卓になる。|焼いた魚は身を骨から外して食べる。外側の焼けた部分と、内側の身のほぐれを比べたい一皿。|焼いた表面,身のほぐれ,骨付き|取り分ける際は骨を外す。提供店と注文人数を選ぶ、魚を主役にした食事向き。
M014|Lhardyのコンソメは、透明なスープを一杯ずつ楽しむ老舗の名物。具をたっぷり食べるコシードと違い、肉などから引いた汁そのものが主役になる。店はレストランと食品販売の両方を営むため、着席の食事と販売商品は別に考える。大きなコースを選ばずに店の味へ近づく入口でもある。|具の食感より、温かな液体と澄んだ仕立てに注目する一杯。豆や麺で濃度を作るスープとの違いが分かる。|さらり,澄んだ汁,温かい|希望する飲み方に合う販売・提供を選ぶ。食前の小さな一杯として組み合わせやすい。
M015|揚げたジャガイモと卵を皿で崩して合わせるウエボス・ロトス。El Escarpínではイベリコハムを添える版がある。同じ卵と芋でも、一体に焼き固めるトルティージャとは逆に、崩して混ぜる食べ方が見どころだ。黄身が芋の表面に広がる前後で、皿の姿まで変わる。|芋の表面に卵黄が絡む。白身のやわらかさ、芋の中身、添えるハムの塩味が別々に残る。|黄身が絡む,ほくほく,白身のやわらかさ|卵を切り、芋と少しずつ合わせる。ハムなど追加具材の違いも一つの料理の中で楽しむ。
M016|ラボは牛尾の煮込み。市の案内はコルドバの伝統料理として紹介し、マドリードの老舗でも受け継がれている。野菜やワインを使う煮汁で尾をゆっくり加熱するため、骨を囲む肉とソースを一緒に味わう料理になる。rabo de toroという名前だけで、闘牛の肉を使った皿とは決められない。|尾の骨の周囲にある肉をほぐすと、煮汁を含んだ繊維が分かれる。骨なしの頬肉煮込みとは食べ進め方が違う。|肉の繊維,濃い煮汁,骨付き|骨から肉を外しながら食べる。皿に残るソースにはパンを少し合わせる。
M017|カリジャーダ、またはカリジェーラスは頬肉の煮込み。よく動く頬の筋肉を時間をかけて加熱し、ソースと一緒に食べる。Casa Albertoの現行メニューは牛の頬肉を掲載する。牛尾と似た色の皿でも、こちらは骨の周りを食べる料理ではなく、頬という部位が主役だ。|長く煮た肉の繊維と、表面を覆うソース。切った断面にも煮汁を付けて食べると、肉と汁がばらばらにならない。|ほぐれる肉,ソースの厚み,塊の食べ応え|牛か豚かは料理名の後半を見る。切り分けた肉にソースを添えて食べる。
M018|スペインの食堂で親しまれるアルボンディガスは、ソースで食べる肉団子。Casa AlbertoとCasa Ciriacoのメニューには牛肉の版がある。肉を挽いて丸めることで、一枚肉や内臓の煮込みとは別の食感になる。老舗の料理を知る入口として、珍しい部位が苦手な人にも選びやすい。|細かくした肉が一つにまとまり、丸い表面にソースが絡む。尾肉の長い繊維とは違う、ほぐれ方の細かさが特徴。|細かな肉,丸い塊,ソースが絡む|一つを割ってソースと合わせる。大皿なら団子の個数を目安に取り分ける。
M019|ニンニク、パン、卵を使うソパ・デ・アホ。パンを横に添えるだけでなく、スープに戻して一皿にするカスティーリャの知恵が見える。市はBotínのレシピを紹介し、Los Galayosにはチンチョンのニンニクを使う記載がある。身近なパンから、近郊の農産物へ話が広がる料理だ。|パンが汁を吸ってやわらかくなり、ニンニクの香りが温かなスープに広がる。卵の加え方でも口当たりが変わる。|汁を吸うパン,やわらか,温かい|スプーンでパンと汁を一緒に。ソパ・カステジャーナという名前も探す手がかりになる。
M020|ひよこ豆、ホウレンソウ、タラを合わせるポタヘ・デ・ビヒリア。肉を控える宗教的な暦と結び付き、肉を重ねるコシードとは違う豆料理になる。葉物の緑、豆、ほぐれる魚が同じ鍋に入るため、見た目にも違いが分かりやすい。魚を使う料理であり、菜食用という意味ではない。|豆のほくほくした中身と葉物のやわらかさに、タラの身が重なる。肉の塊が主役の煮込みとは違う組合せ。|ほくほく,やわらかな葉,魚のほぐれ|聖週間の料理を選ぶ日に。汁だけでなく豆、葉物、魚を一緒にすくう。
M021|揚げたジャガイモにブラバソースを合わせる、酒場の定番。Casa Enriquetaは自家製の辛いソースと説明し、El Escarpínにも一皿で載る。赤い色だけでトマトケチャップと考えず、ソースの辛さと芋の形に目を向けたい。同じ芋のトルティージャと比べても、こちらは揚げた表面が残る。|外側の揚げた部分と、内側のほくほくした芋。ソースのかかった部分から先に食感が変わる。|外はカリッ,中はほくほく,ソースが絡む|数人なら小皿を取り分ける。辛口の表記がある版は、ソースの少ない部分から試せる。
M022|ベシャメルに具を混ぜ、衣を付けて揚げるクロケタ。Lhardyはコシード、Casa Albertoはハムやイカ墨など、店の料理が小さな揚げ物にも顔を出す。じゃがいも主体のコロッケを想像するより、クリーム状の中身を衣で包む料理として見ると分かりやすい。具の違いは一項目の中で楽しもう。|パン粉の衣を割ると、やわらかな中身との対比が現れる。ハム、魚、煮込みの具によって香りが変わる。|サクッ,なめらか,小さな具|一口で急がず、中の熱さを確かめる。jamón、cocido、bacalaoは具を選ぶ言葉。
M023|卵とジャガイモを一体に焼くトルティージャ・デ・パタタス。スペイン全国で親しまれ、マドリードでも市場やバルの定番になっている。玉ねぎを入れるか、中心をどの程度焼くかは店の個性。ウエボス・ロトスと材料が重なっても、切り分けられる厚い形に仕上げる点が違う。|卵が薄切りや小さく切った芋をつなぐ。中心のやわらかさと、焼き固まった外側を一切れで比べられる。|卵のまとまり,芋の層,焼いた外側|軽食なら一切れのpincho、一枚ならtortilla entera。人数に合う注文単位を選ぶ。
M024|エビをニンニクと油で加熱するガンバス・アル・アヒージョ。La Casa del Abueloの名物としても知られる、マドリードのバルを代表する魚介料理だ。揚げ衣で包まず、むき身のエビと香味油を合わせるため、衣揚げのガンバス・ア・ラ・ガバルディーナとは表情が違う。|エビの弾力と、ニンニクを加熱した油の香り。具だけでなく、器に残った油もこの料理の一部になる。|エビの弾力,つややか,熱い油|器と油の熱さに気を付けて少しずつ。パンは香味油を付けるのにも向く。
M025|マッシュルームをニンニクで仕上げるチャンピニョネス・アル・アヒージョ。魚介のアヒージョと同じ香味の組立てを、キノコで楽しむ小皿だ。食卓を肉と芋だけにしない選択肢になる。店によってハムなどを加えることもあるため、キノコの皿という名前だけで具のすべては決まらない。|加熱で水分の出たキノコに、ニンニクの香りをまとわせる。エビの弾力とは違う、やわらかな傘の歯応え。|傘の弾力,水分を含む,油が絡む|パンやほかの小皿と取り分ける。詰め物入りのマッシュルームとは調理名を分けて選ぶ。
M026|酢でマリネしたカタクチイワシの冷菜、ボケロネス・エン・ビナグレ。塩漬けの茶色いアンチョビとは違い、開いた白い身が並ぶ。魚を酢で調味する保存食の系譜が、内陸のバルのつまみにも現れる。熱い揚げ物の合間に、酸味のある冷菜を一皿挟みたいときの候補だ。|身の薄さと酢の酸味が中心。揚げ衣を付けた魚とは違い、冷たい身の輪郭がそのまま残る。|薄い身,しっとり,冷たい|一尾分ずつパンと合わせる。塩漬けのanchoasとの違いをメニューでも見分ける。
M027|燻製サーモンは首都発祥の郷土料理ではないが、LhardyではPescaderías Coruñesasの製品を使う冷菜としてメニューに載る。細い卵黄の甘い飾りhuevo hiladoを添える版があり、単なる魚の薄切りから老舗の一皿へと仕立てる。ここでは、その店で受け継ぐ冷菜の例として取り上げる。|薄切りの魚のしっとりした口当たりに、燻製の香り。卵の飾りを添える版では、塩気と甘い付け合わせが対になる。|薄切り,しっとり,なめらか|燻製サーモン単独と、卵の飾り付きの店の皿を区別して選ぶ。
M028|漬物を串に刺したバンデリージャは、バルや市場で選べる小さなつまみ。オリーブなどを一口に組み合わせ、串ごとに具の違いが見える。大皿の料理を増やす前に少量を選びたいときに向く。魚を含む組合せもあり、名前が同じでも全店で一本の内容が固定されるわけではない。|漬物の酸味と歯応えを、少しずつ違う具でつなぐ。やわらかなオリーブと硬めの漬物でも噛み方が変わる。|漬物の歯応え,一口サイズ,具の重なり|串先に気を付けて食べる。一本ごとの具材と価格を見て選ぶ。
M029|Casa Mingoのローストチキンは、アストゥリアス系のシドラ酒場を知る一皿。店は鶏とシドラを名物に掲げる。近くのサン・アントニオ・デ・ラ・フロリダ礼拝堂でゴヤのフレスコ画を見上げた後、鶏を囲む食事へつなげると、美術館の外にも旅の場面が広がる。|焼いた皮と、骨の周囲の肉を切り分けるロースト。鶏を細かく丸めた肉団子や、ソースで煮るペピトリアとは別の仕立て。|焼いた皮,骨付きの肉,部位の違い|注文単位に合わせて取り分ける。シドラを飲まない人は別の飲み物でも食事を組める。
M030|小さなナスの形を残して酢漬けにするベレンヘナス・エン・ビナグレ。オリーブや細いピクルスとは違う、丸みのある野菜のつまみだ。スペインの漬物文化を市場で知る入口になる。マドリードで売られる商品でも産地は別にあり、地域名が付くものはラベルの名前ごと覚えるとよい。|ナスの果肉に漬け汁が入り、皮と中身で歯応えが異なる。油で揚げるナス料理とは違う冷たい食べ方。|果肉のやわらかさ,皮の歯応え,漬け汁を含む|へたなど硬い部分を避けて切り分ける。酸味のある小皿として肉料理の間に。
M031|ジャガイモや野菜をマヨネーズでまとめるエンサラディージャ・ルサ。名称はロシア風でも、スペインのバルで定着した冷菜である。Casa AlbertoやCasa Ciriacoに加え、Lhardyには小エビを使う版がある。細かく切るか大きめに残すか、魚介を何にするかで一皿の印象が変わる。|芋のやわらかさをマヨネーズがつなぎ、小さな具がところどころに残る。熱い芋料理とは違う、冷たくまとまった口当たり。|クリーミー,小さな具,やわらかな芋|取り分けてパンと合わせる。具の魚介は店の版に合わせて選ぶ。
M032|トレスノスは、皮と脂と肉の層を残した豚肉料理。Casa Ciriacoはソリアの名を付けた一皿を掲載する。薄い生ハムとは対照的に、皮の歯応えを出す加熱が特徴。スペイン各地の料理が首都に集まる様子を、食感から知るのに向いている。|皮のパリッとした部分、その下の脂、肉の層。縦に切った一片を食べると、同じ豚肉の中の違いが分かる。|皮はパリッ,脂の層,肉の歯応え|厚い一片は切り分け、層が残るように口へ運ぶ。小皿で選ぶとほかの料理と組みやすい。
M033|モルシージャは血を使うソーセージ。米や玉ねぎなど副材料や産地によって種類があり、赤いチョリソーを黒くしただけのものではない。マドリードではコシードの具としても、単独の一皿としても出会える。煮込みに入ったものと、別皿に仕上げたものを比べる楽しみがある。|詰め物の粒感や密度は副材料で変わる。腸詰めの外側と、切った中身の違いを見て食べる。|詰め物の密度,粒感,外皮|切り口を見ながら少量ずつ。米入りなどの種類は商品名で選ぶ。
M034|細身の腸詰めチストーラは、ナバラなど北スペインと結び付く加工肉。Casa Enriquetaのメニューにも載り、マドリードの酒場でも選べる。太いチョリソーや血を使うモルシージャと並べると、細さと材料の違いが分かりやすい。切り分けて食べる小皿向きの一品だ。|細い腸詰めに肉と脂が詰まるため、一切れでも表面と中身を一緒に食べやすい。|細い形,肉の粒,脂のつや|パンと合わせて少量ずつ。産地付きの商品なら地域名も一緒に読む。
M035|イベリコ豚の後脚を塩漬け・乾燥熟成させるハモン・イベリコ。マドリード発祥ではなく、スペインの産地から首都へ集まる熟成肉だ。Casa Albertoはギフエロ、Lhardyは銘柄を明記するなど、同じ料理名にも産地や製品の違いがある。薄い切り身の一皿からラベルをたどる楽しみがある。|薄く切った肉と脂を一緒に食べる。加熱肉の汁とは異なり、熟成した肉の密度と脂の口当たりが中心になる。|薄切り,脂のなめらかさ,熟成肉の密度|少量ずつ、重なりをほどいて食べる。量と銘柄をそろえると価格を比べやすい。
M036|セシーナは肉を乾燥熟成させる保存肉。豚の後脚を使うハモンとは別の名前で選ぶ。El Escarpínはヤギのチーズを添えた皿を掲載し、薄い肉に乳製品を組み合わせる食べ方が見える。スペインの熟成肉をすべて生ハムと一括りにせず、肉の種類と産地の名前を読む入口になる。|乾燥させた肉の薄い切り身に、チーズのやわらかさが重なる版もある。肉だけの部分と付け合わせを一緒にした部分を比べる。|薄切り,肉の密度,熟成した表面|まず肉を一切れ、次に付け合わせと。商品名に肉の種類やレオンなどの地名があれば一緒に読む。
M037|チョリソー・ア・ラ・シドラは、腸詰めをリンゴの発酵酒で煮るアストゥリアスの料理。El Escarpínの現行メニューにも載る。シドラは横に置く一杯だけでなく、ソーセージを煮る液体にもなる。焼いただけのチョリソーや赤ワイン煮とは別の料理として選びたい。|煮た腸詰めの脂と、リンゴ酒を使う煮汁が一緒になる。赤い見た目だけでは分からない、調理液の違いが特徴。|腸詰めの弾力,煮汁を含む,肉の粒|輪切りをパンと合わせる。酒を使わない料理を希望するときは別の小皿を選ぶ。
M038|ピキーリョは小ぶりな赤いピーマン。その中へ具を詰める料理がpimientos del piquillo rellenosだ。Casa Albertoにはタラとエビ、Casa Ciriacoには鶏のペピトリアを詰める版があり、同じ赤い外見でも中身は変わる。野菜の形を器のように使い、切り口から詰め物を見せる料理になる。|やわらかな赤い果肉が詰め物を包む。魚介や肉の中身と、ピーマンの薄い壁を一緒に食べる。|薄い果肉,やわらか,詰め物の密度|rellenos deの後に続く材料を読む。半分に切り、外側と中身を一緒に。
M039|ボニートを詰めるエンパナディージャは、小さな包み料理。Casa Ciriacoは六個の皿として掲載する。大きなエンパナーダを切り分けるのと違い、一つずつの包みに具を閉じ込める。魚の種類を表すbonitoが付くため、肉や甘いクリームを包んだ別の商品とも選び分けられる。|閉じた生地の縁と、魚を詰めた中央で厚みが違う。中身を割って見ると、小さな包みの構造が分かる。|生地の縁,魚のほぐれ,小さな包み|皿の個数を目安に分ける。中の熱さを確かめながら食べる。
M040|牛肉を詰めた細長いパイ、アグハ・デ・テルネラ。La Mallorquinaの塩味商品にも載り、菓子店の棚が甘いものだけではないことを教えてくれる。名前のagujaは針を意味し、細長い形を思い浮かべやすい。クリーム入りの菓子パンと並んでも、こちらは軽食になる肉のパイだ。|層のある生地と、中に閉じ込めた牛肉。縁の薄い部分と具の入った中央で、噛んだ厚みが変わる。|パイの層,肉の詰め物,細長い形|持ち歩く軽食にも向く。テルネラの表記を見て甘いパイと区別する。
M041|仔豚のローストは、セゴビアなどカスティーリャの食文化を首都で楽しむ料理。皮を焼き上げ、内側の肉との対比を作る。市の観光案内は薪窯の伝統を紹介する一方、Los Galayosは低温調理の版を掲げる。料理名が同じでも、すべての店が同じ窯と工程で作るわけではない。|焼いた皮とやわらかな肉を一緒に。薄切りの熟成肉とは違う、温かなローストの層を楽しめる。|皮の歯応え,やわらかな肉,脂の層|人数に合う注文単位を選び、皮と肉が偏らないように分ける。
M042|乳飲み仔羊の肩を焼くパレティージャ。カスティーリャのロースト文化と結び付き、Los Galayosのメニューにも載る。肉の種類はcordero lechal、部位はpaletillaと、名前の中に二つの手がかりがある。仔豚と並べるなら、単に肉料理を二皿と考えず、羊と豚の違いで選びたい。|肩の骨に沿った肉を外しながら食べる。表面の焼けた部分と内側で、肉の水分やほぐれ方が変わる。|骨付き,焼いた表面,肉の繊維|骨を外して取り分ける。大きな肉料理は一食の中心に据えると組み立てやすい。
M043|プルポ・ア・フェイラはガリシアのタコ料理。ゆでたタコを切り、パプリカ、塩、オリーブ油で仕上げる。市の公式案内も他地方から来た味として紹介し、El Escarpínにはこの名称で載る。鉄板で焼くタコとは別で、丸い切り口に調味料をまとわせた姿が見分けどころだ。|タコの弾力を残しながら、切り口に油と粉状のパプリカが付く。香ばしく焼いた面を楽しむ料理とは違う。|弾力,丸い切り口,油のつや|タコを一片ずつ。下に芋が添えられる版なら、調味料の付いた芋も合わせる。
M044|トウモロコシ生地を使うアストゥリアスのトルトス。小さな土台の上に肉などを載せ、パンやジャガイモとは違う穀物の食べ方を見せる。El Escarpínには盛り合わせや肉を合わせる版がある。マドリードの郷土料理というより、首都のアストゥリアス料理店で出会う地方の一品だ。|生地の縁と、具の汁が付いた中央で食感が変わる。トウモロコシの土台も具と一緒に食べる。|生地の縁,具を受ける厚み,穀物の粒感|上の具を落とさないよう小さく切る。盛り合わせなら具の違いを一項目の中で比較できる。
M045|ツナを包むエンパナーダ。ガリシアの大きな包み焼きが知られるが、La Mallorquinaのような菓子店ではパイ生地の塩味商品として選べる。小さなエンパナディージャと区別し、こちらは広い生地を切り分ける料理として見る。生地の種類まで全国で一つと決めないことが、違いを楽しむ鍵になる。|上下の生地の間に魚の具が入り、端は閉じた生地が厚くなる。中央と縁を食べ比べられる。|生地の層,魚の詰め物,厚い縁|切り分け売りなら一切れから。持ち帰りの軽食にも組み込みやすい。
M046|白インゲン豆のfabesを、チョリソーやモルシージャなどと煮るファバーダ。アストゥリアスの代表料理として、市も首都で食べられる地方料理に挙げる。コシードのひよこ豆とは豆の形から違う。El Escarpínでは肉のファバーダと魚介の豆料理が並び、北部の煮込みの幅を知ることができる。|大きな豆のやわらかな中身と、腸詰めの塩気や脂。豆も肉も同じ煮汁の中で食べる。|豆のやわらかさ,煮汁の厚み,腸詰め|一皿を昼食の中心に。豆だけでなく、添えられた加工肉も少しずつ合わせる。
M047|カチョポは牛肉でハムとチーズを挟む、アストゥリアスの料理。El Escarpínもこの三つを材料として明記する。肉の外側を衣で包み、切ると中からハムとチーズの層が現れる。普通の一枚肉のカツと比べると、断面が料理の仕組みをよく教えてくれる。|衣、肉、ハム、チーズが重なる。温かいうちはチーズのやわらかさが、外側の衣と対照的になる。|衣の歯応え,肉の層,溶けるチーズ|先に切り分け、断面が見えるように取り分ける。大きい版は数人の主菜に。
M048|ファベス・コン・アルメハスは、白インゲン豆とアサリの煮込み。アストゥリアス料理店El Escarpínの専門料理にも挙がる。ファバーダと同じ豆文化から生まれながら、こちらは貝を合わせる。肉と腸詰めだけが豆料理の相手ではないことを示す、海と畑の一皿だ。|豆のやわらかさと、小さな貝の身の弾力。汁をすくうと二つの具が一緒になる。|やわらかな豆,貝の弾力,汁を含む|殻を避け、豆と身をスプーンですくう。肉の豆煮込みとどちらか一皿を選んでも楽しい。
M049|メルルーサをガリシア風に仕上げる魚料理。Casa Ciriacoのメニューにも載り、首都の老舗から北西部の食へつながる。メルルーサはhakeという白身魚で、タラのbacalaoやベスーゴとは別の魚。料理名にある地域名を残すことで、マドリード発祥と混同せず紹介できる。|白い身を大きなまま仕立てる魚料理。細かく混ぜたクロケタと違い、身をほぐしながら食べる。|身のほぐれ,やわらか,魚の厚み|骨に気を付け、添えられたソースや芋と合わせる。
M050|小イカを鉄板で焼くチピロネス・ア・ラ・プランチャ。Casa Ciriacoの現行メニューにあり、衣を付けるイカサンドと食べ比べたい一皿だ。小さな胴や脚の形を活かし、表面を焼いて仕上げる。イカ墨煮のen su tintaとも調理名が違うので、メニューの後半まで読むと選びやすい。|薄い胴と脚で歯応えが異なり、表面の焼けた部分が加わる。揚げ衣の厚みを伴わない食べ方。|イカの弾力,焼いた表面,脚の歯応え|胴と脚を少しずつ。鉄板焼きとイカ墨煮を別の調理法として選ぶ。
M051|魚介を細かく切って和える冷菜、サルピコン・デ・マリスコ。Lhardyはガリシアのオマールを使う版を掲載する。料理名は魚介全般を指し、どの店でもオマール入りという意味ではない。熱い魚介皿の合間に選ぶなら、使う魚介の種類と野菜の組合せを見ると楽しい。|小さく切った魚介の弾力と野菜の歯応えが交互に現れる。汁物と違い、一口ごとに具を選べる。|小さな具,魚介の弾力,冷たい|具を混ぜて少量ずつすくう。高級食材を使う版は材料名まで見て選ぶ。
M052|ガバルディーナはレインコートを意味する言葉。エビを衣で包むガンバス・ア・ラ・ガバルディーナは、その姿を名前にした揚げ物だ。ニンニク油のアヒージョと違い、むき身を生地が覆う。マドリードの郷土料理案内にも登場する、酒場の魚介の選択肢になる。|衣の外側とエビの身が二層になる。衣の厚みや空気の含み方で、同じエビの食べ口が変わる。|揚げ衣,エビの弾力,二層の厚み|尾が残る場合は尾を避けて。タラの衣揚げと少量ずつ比べるのもよい。
M053|セピアはコウイカを指す。El Escarpínでは鉄板焼きのsepia planchaとして掲載する。小イカのチピロネスと同じ「イカ料理」にまとめず、肉厚な胴の違いに目を向けたい。黒い米料理にも使われる食材を、ここでは焼いた身を主役にして選ぶ。|厚い胴の切り身を噛む弾力と、表面の焼けた部分。小さなイカの脚とは厚みが違う。|肉厚,弾力,焼いた面|一切れが大きければ切り分ける。イカ墨の米料理とは調理法を変えて楽しむ。
M054|サンブリーニャスは、小さなホタテに似た貝の皿を探すときに出会うメニュー名。El Escarpínにも載る。殻付きの盛り付けでは、身と貝殻の形を一緒に見られる。流通名と生物種が常に一対一とは限らないため、名前だけで特定種や漁獲地まで決めない。|小さな貝の身の厚みと、添えられた汁や調味料を一緒に味わう。|小ぶりの身,貝の弾力,殻付き|殻を皿代わりに、身を外して食べる。殻の枚数も取り分けの目安になる。
M055|メヒジョネスはムール貝。El Escarpínの現行メニューはカスエラ、鍋仕立ての名で載せている。暗い殻の内側に身が収まり、殻を開いた姿が料理の目印になる。蒸すもの、汁やソースを合わせるものなど仕立てが変わるため、食材名だけで一つの味に決めない。|殻の中のやわらかな身と、料理の汁。殻を外す動作を挟みながら一つずつ食べる。|やわらかな身,汁を含む,殻付き|空いた殻を別にまとめる。身と汁を一緒に、鍋の量に合わせて取り分ける。
M056|生牡蠣は、市場に各地の魚介が集まるマドリードの一面を見せる選択肢。Lhardyのメニューには三個で、自然な仕立てや調味料を添える版が載る。首都近郊で採れた牡蠣という意味ではない。産地やサイズを示す名前と、何個の価格かを見ると一皿を選びやすい。|殻の中の身と汁が主役。火を入れて身を締める貝料理とは違い、なめらかな口当たりになる。|なめらか,水分を含む,冷たい|殻の縁に気を付け、一個ずつ。生の魚介を避けたい場合は加熱した貝料理を選ぶ。
M057|パエリアはバレンシアに由来する米料理で、首都発祥の名物とは分けて知りたい。マドリードでは魚介、肉と魚介の混合など複数の版が選べる。El Escarpínの現行メニューは魚介版を二人分として掲載する。鍋の大きさ、具、人数が一緒に決まる料理として考えると注文しやすい。|米が煮汁を吸い、具と同じ鍋で炊き上がる。汁を多く残すarroz caldosoとは食べ口が異なる。|米の粒,煮汁を吸う,具の違い|鍋から均等に分ける。一人価格か鍋全体の価格か、注文人数をそろえて見る。
M058|コウイカとイカ墨を使うアロス・ネグロ。El Escarpínのメニューはarroz negro con sepiaと明記し、二人分で載せる。黒い色だけで選ぶより、米に墨をなじませ、コウイカの身も加える仕組みを見ると具体的になる。パエリアとは別の米料理として、具と色の違いを楽しめる。|米に墨と煮汁が行き渡り、ところどころにコウイカの弾力がある。見た目の黒さは焦げた色ではない。|米の粒,コウイカの弾力,煮汁を含む|少しずつ取り分ける。米料理を二種類頼むなら、人数と鍋の大きさを考える。
M059|トマトなどの野菜を冷たいスープにする、アンダルシア系のガスパチョ。油と酢で調味し、グラスで飲めるほど軽い版もある。Lhardyはカニを添える独自の版を掲載するが、カニはガスパチョ全般の必須材料ではない。首都の老舗が他地方の料理をどう仕立てるかも見どころだ。|冷たい液体の中に野菜と酢の酸味がある。パンを多く使う濃いサルモレホより、軽い口当たりの版が一般的。|さらり,冷たい,野菜の細かな粒|暑い日の前菜に。グラスかスープ皿か、具を添えるかは店の版に合わせる。
M060|サルモレホ・コルドベスは、トマト、パン、オリーブ油をなめらかにしたコルドバの冷製料理。Casa AlbertoやLos Galayosでも選べる。ガスパチョと同じ赤いスープに見えても、こちらはパンと油による濃さが特徴。マドリードに集まるアンダルシアの味として位置付けたい。|パンを混ぜ込むことで、飲み物よりクリームに近い口当たりになる。添える卵やハムがあれば食感も加わる。|とろり,なめらか,冷たい|スプーンですくって前菜に。付け合わせのハムや卵も含めて選ぶ。
M061|小麦粉と湯を練った生地を押し出して揚げるチュロス。San Ginésが市に紹介したレシピは、水、粉、塩という簡潔な生地だ。マドリードには輪形もあるが、同店は大きな輪に揚げて切るため棒状のものを出すと説明する。見慣れた一本の形にも、作り手の仕事の違いがある。|表面の溝が揚がり、内側には生地の厚みが残る。濃いチョコレートに浸すと、乾いた表面に甘い液体が絡む。|表面はカリッ,生地の厚み,溝に絡む|そのままとチョコレートに浸した一口を比べる。朝食にもおやつにも。
M062|ポラスは太い揚げ生地。チュロスの隣に並ぶことも多く、断面の大きさや気泡の入り方を比べると違いが見える。大きな輪に揚げたものを切り分ける形もあり、一本の長さだけで量を比べない方がよい。チュロスを知った後に選びたい、朝の揚げ生地のもう一つの顔だ。|太い断面は表面に対して中の生地が多い。細いチュロスの溝と、ふくらんだ内側の違いを比べられる。|太い生地,気泡,揚げた外側|切り分けてチョコレートに浸す。一人なら細いものと太いものを少量ずつ選ぶ方法もある。
M063|パンに牛乳やワインなどを含ませ、卵を付けて揚げるトリハス。聖週間と結び付く甘味で、硬くなったパンを別の食べ物へ変える工夫が見える。菓子店の一切れと、レストランでアイスを添える皿は同じではない。Casa Ciriacoには単独、Casa Albertoにはアイス付きの版が載る。|液体を吸ったパンの中身と、卵を付けて焼き色の付いた外側。元がパンでも、乾いたトーストとは違うやわらかさになる。|汁を含む,やわらか,卵の表面|フォークで切り分ける。春の菓子として楽しみ、仕上げの蜂蜜や砂糖の違いも見る。
M064|薄い生地でクリームを包み、油で揚げるバルトリージョス。三角形に近い姿が特徴で、マドリードの伝統菓子の一つとして市が紹介する。焼いた層を見せるパイと違い、包んだ生地を揚げる点が鍵。塩味のエンパナディージャに似た形でも、中身は甘いクリームだ。|薄い外側を割ると、やわらかなクリームが現れる。生地と中身の対比を楽しむ揚げ菓子。|薄い皮,なめらか,揚げた縁|中身が熱い場合は少し冷まして。半分に割ると包み方とクリームの量が見える。
M065|5月のサン・イシドロ祭に並ぶ輪形菓子。砂糖衣のないtontas、レモンの糖衣をまとったlistas、アーモンドを付けるfrancesas、メレンゲで覆うSanta Claraなど、仕上げに名前がある。別々の品数に増やさず、一つの祭りの菓子をどう飾るかを見比べたい。|焼いた輪の歯応えに、砂糖衣やナッツが加わる。仕上げによって、最初に歯に当たるものが変わる。|焼いた輪,砂糖衣,ナッツの粒|数種類を少しずつ選び、表面の違いから食べ比べる。5月の街歩きと相性がよい。
M066|1月17日のサン・アントン祭に結び付くパネシージョス。動物の守護聖人の祝日に、オルタレサ通りの教会を訪れる習わしと一緒に市が紹介する小さな菓子だ。panecillosという名前から食事用のパンと決めず、祝福を受ける祭礼の食べ物として知りたい。|小さく焼いた形を手に取れる祭礼菓子。大きなクリーム入りパンとは違い、携えやすい大きさも特徴。|小さな焼き菓子,焼いた表面,小ぶり|1月の祭りの時期に選ぶ。サン・アントン市場の名前だけを販売場所の証拠にはしない。
M067|11月9日の守護聖母の祝日に結び付く、冠形のコロナ・デ・ラ・アルムデナ。市の案内では1980年代に菓子職人たちが作ったものとされる。ロスコンに似た輪形でも、オレンジ花水を使わず、クリームやアーモンドなどで飾る違いがある。王宮前の大聖堂と菓子の名前がつながる一品だ。|ふくらんだ菓子パンに、クリームや飾りが加わる。輪の断面と表面を一緒に楽しめる。|ふんわり,クリーム,表面の飾り|人数に合わせて切り分ける。11月の菓子として、1月のロスコンと季節を分けて楽しむ。
M068|「聖人の骨」という名前のウエソス・デ・サント。アーモンド生地を白い筒にして甘い卵黄などを詰め、11月1日の諸聖人の日に結び付く。近年は詰め物の種類も広がる。名前に骨と付く細長い揚げ菓子とは違い、こちらはマジパンの筒そのものが見分けどころだ。|アーモンド生地の密度と甘い詰め物が重なる。薄いパイのように層が崩れる菓子ではない。|緻密,しっとり,詰め物|小さく切って中の色を楽しむ。詰め物の違いは同じ菓子の中で選ぶ。
M069|ブニュエロス・デ・ビエントは、丸く揚げた生地の菓子。「風」の名にふさわしく、ふくらんだ中に空間ができる。クリームを詰める版もあり、La Mallorquinaが協力する市のレシピにも登場する。秋の菓子売り場では、一見同じ丸い形の中に何が入るかを選ぶ楽しみがある。|薄い外側の内に、空間やクリームがある。固い団子状の菓子とは違う軽さが出る構造。|ふくらんだ皮,空洞,やわらかな中身|割って中の詰め物を見る。秋の菓子として少量ずつ違う味を選べる。
M070|薄い生地を焼き、筒状などに巻くバルキージョス。マドリードでは、かつて菓子売りが筒型の道具とルーレットを携えて歩いた風景とも結び付く。厚いクリーム菓子と対照的に、生地の薄さと形を楽しむ一品。街の祭りや露店文化まで思い浮かぶ甘味だ。|薄く焼いた生地が軽く割れる。中を詰めた菓子とは違い、空洞の筒と薄い壁が食感を作る。|薄い,パリッ,空洞|割れやすいので手で支えて。輪形や層状の菓子との形の違いも楽しむ。
M071|公現祭に合わせて食べるロスコン・デ・レジェス。オレンジ花水を使う輪形の生地を砂糖漬けの果物などで飾り、中に小さな人形や豆を忍ばせる習わしがある。クリームを挟む版もあるが、すべてに同じ詰め物が入るわけではない。11月のコロナと姿が似ていても、こちらは年末年始の菓子だ。|ふくらんだパン生地に、果物や砂糖の飾りが加わる。クリーム入りなら、断面にもう一層できる。|ふんわり,果物の飾り,切り分ける輪|家族や友人と切り分け、中の飾りには注意する。人数に合うサイズと詰め物を選ぶ。
M072|クリームやチョコレートを包むナポリターナは、ソルのLa Mallorquinaで選べる日常の菓子パン。公式の商品一覧にも両方の版が並ぶ。特別な祭礼を待たず、街歩きの途中に一つ選べる気軽さがある。層のある四角い生地の中へ、甘い具を閉じ込めた形が目印だ。|生地の層と、中央のクリームやチョコレートが重なる。具の少ない端と中央でも食べ口が違う。|生地の層,甘い詰め物,焼いた表面|クリームかチョコレートかを選ぶ。通販の二個組と店頭一個の価格は分けて見る。
M073|モラタ・デ・タフーニャのパルメリタスは、小さなハートやヤシの葉に似た形のパイ菓子。州内の町の名物として知られ、市内にも専門の販売店がある。折り畳んだ生地の層が左右に開く姿が特徴で、チョコレートをかけた版も人気。同じパイ菓子でも、筒や輪ではない成形の楽しさがある。|幾重もの生地と、表面のチョコレートなどの仕上げ。層の縁と中央で厚みが変わる。|パイの層,折り重なる,表面のコーティング|小さな一個から選べる。仕上げ違いは同じ品の中で食べ比べる。
M074|マノリートスは、小さなクロワッサンとして広がったブランド菓子。マドリード市の菓子案内にも登場する。古い祭礼菓子だけでなく、現代の販売店で親しまれる商品も首都の甘いものを構成している。一般的なミニクロワッサンを全部この名前で呼ばず、ブランド商品として選びたい。|小さな三日月形の中に巻いた生地が重なる。大きなクロワッサンと違い、少量ずつ口に運べる。|小ぶり,巻いた生地,焼いた表面|袋や箱の個数で選ぶ。別の店の小型クロワッサンとは名称を分ける。
M075|スイソは、La Mallorquinaの定番商品にも並ぶ甘いパン。クリームやチョコレートを包むナポリターナとは別に、パン生地そのものを朝食やおやつに選ぶ一品だ。表面の割れ目と砂糖を添えた姿が目印になる。名前の由来を断定するより、店ごとの丸い形や焼き色を見比べたい。|やわらかなパンの中身と、砂糖の付いた表面。パイのような薄い層ではなく、パン生地の厚みを楽しむ。|やわらかな生地,砂糖の粒,焼いた皮|ちぎって温かな飲み物と。詰め物の多い菓子を避けたいときにも選べる。
M076|生地を揚げ、蜂蜜や砂糖で仕上げるペスティーニョス。折った薄い生地の形が特徴で、クリームを包むバルトリージョとは中身も工程も異なる。スペインの他地域でも作られる菓子を、マドリードの伝統菓子の棚で見つける例になる。揚げた菓子をfruta de sarténと呼ぶ食文化にもつながる。|揚げた生地に甘い仕上げが絡む。蜂蜜の版と砂糖の版では、指に触れる表面から違う。|薄い生地,甘い表面,折った縁|一つずつ小さく。蜂蜜か砂糖か、仕上げを見て選ぶ。
M077|アーモンドなどを使うトゥロンは、クリスマスの菓子を知る入口。粒を残した硬いもの、すりつぶした軟らかなものに加え、卵黄やチョコレートの製品もある。マドリードの老舗で買えても、すべてが首都発祥という意味ではない。一枚の形より、断面のナッツの状態を見ると違いが分かる。|ナッツの粒を噛む硬い版と、練った生地がほどける軟らかな版。材料の細かさが食感を変える。|ナッツの粒,硬い版,軟らかな版|小さく切って食べる。duroとblandoの表記も硬さを選ぶ手がかり。
M078|アーモンドと砂糖を使うマサパン。小さな果物や動物などに成形する版があり、クリスマスの菓子売り場を彩る。ウエソス・デ・サントの筒にもつながる生地だが、ここでは成形したマジパン菓子を一項目として扱う。全国の菓子文化と店の造形の工夫を一緒に楽しめる。|細かくしたアーモンドが密な生地になる。スポンジの気泡やパイの層とは違う、緻密な口当たり。|緻密,アーモンドの細粒,しっとり|小さな形を一つずつ。詰め物入りか生地だけか、切り口でも見分けられる。
M079|粉を使う小さな焼き菓子、ポルボロネス。クリスマスの菓子として市の案内や老舗のレシピにも登場する。練ったアーモンド生地のマサパンとは違い、口でほろりと崩れる仕立てが特徴。包み紙を開いて一個ずつ食べる姿も、年末の甘味らしい。|粉の細かな粒がほどける、もろい生地。ふんわりした菓子パンとは違って、少しずつ崩しながら食べる。|ほろほろ,細かな粉,もろい|包み紙を受け皿代わりにするとこぼれにくい。小さく分けて飲み物と合わせる。
M080|スミレの花をかたどる紫のキャンディーは、マドリードの甘い土産の定番。市の案内やLa Mallorquinaの販売情報にも登場する。クリーム菓子と違って小さく持ち歩け、花の形が街の記憶になる。スミレの風味を使う飲み物や菓子はほかにもあるが、製造者まで同じとは限らない。|硬い飴をゆっくり溶かすと、花の香りを楽しめる。焼き菓子のようにすぐ噛み崩す食べ方とは異なる。|硬い飴,小さな花形,つややか|少しずつ口で溶かす。製造者と商品名を見て土産を選ぶ。
M081|チャティータスは、小さなスポンジに甘い詰め物を入れ、チョコレートで覆う菓子。市の案内は1990年代にサラマンカ地区の菓子職人が作ったものとして紹介する。果実やドゥルセ・デ・レチェなど、詰め物には複数の版がある。古い聖人の菓子とは別の、現代マドリードの名物だ。|チョコレートの外側、軽いスポンジ、詰め物の三層。切ると小さな菓子の構造が見える。|チョコの表面,軽いスポンジ,詰め物|半分に切って中身を見比べる。詰め物違いを別品に数えず一つの菓子として選ぶ。
M082|アルカラ・デ・エナレスのコストラーダは、パイ生地、カスタード、メレンゲを重ねる菓子。大学とセルバンテスゆかりの旧市街を歩いた後に、町の名を持つ一切れを選べる。断面を横から見ると層の役割がよく分かる。起源年や最初の店には異なる説明があり、一つの説に決めずに楽しみたい。|薄いパイの層と、なめらかなカスタード、ふくらんだメレンゲ。重ねる三つの素材の違いが主役。|パイの層,なめらか,メレンゲ|フォークで上から小さく切り、層を一緒に。アルカラへの日帰りの菓子休憩に。
M083|アニスなどを加えた生地を細長く揚げる、ウエソス・デ・サン・エスペディート。Eva Arguiñanoのレシピでは生地に切れ目を入れ、揚げた後に粉糖をかける。名前に「骨」が付いても、白いマジパンの筒とは別物。材料と加熱法を比べると、似た名前の菓子を区別しやすい。|細長く成形した生地の外側を揚げ、表面に粉糖をまとう。クリーム入りの筒とは違う歯応え。|揚げた表面,細長い生地,粉糖|少しずつ折って食べる。ウエソス・デ・サントと並べるなら生地の違いに注目する。
M084|Lhardyの名を冠したスフレは、同店の料理の歴史を語るデザート。現行メニューでは単品でも、コシードの締めにも記載されている。一般的なスフレは泡立てた卵を活かしてふくらませる菓子で、パイの層とは違う軽さを作る。ここでは特定の店が受け継ぐデザートとして紹介する。|ふくらんだ生地の中に空気を含む、やわらかな仕立て。チョコレートで固く覆う小菓子とは対照的。|空気を含む,やわらか,ふくらむ|コースに含まれる場合は重ねて注文しない。提供された状態を崩しながらスプーンで。
M085|イワシの姿なのに、材料はチョコレート。サルディーナ・デ・チョコラテは、マドリードのカーニバルの公式デザートとして市が紹介する新しい菓子だ。古くからの「イワシの埋葬」の祭りに、食べられる魚形の甘味が加わる。魚肉入りの料理と勘違いしないよう、形と材料を分けて見ると楽しい。|チョコレートを中心に作る魚形の菓子。中の組立ては作り手ごとに異なるため、同じ断面を全店に当てはめない。|魚形,チョコの表面,作り手ごとの中身|カーニバルの時期に商品を選ぶ。持ち歩く場合はチョコレートの温度にも配慮する。
M086|カンポ・レアルのオリーブは、州の品質表示を持つ食の産品。一般的なオリーブの写真や市場の所在地だけでは、その産地を証明できない。地名を伴う製品として選ぶことで、バルの小さなつまみから州内の生産地へ目を向けられる。瓶や販売札の名称を読むことまでが、土地の味を知る楽しみだ。|オリーブの果肉には噛み応えがあり、漬け汁や調味によって風味が変わる。種入りなら中心に硬い種がある。|果肉の弾力,漬け汁,種入りもある|名称の表示を見て選び、種を避けて食べる。一般のオリーブと産地付きの品を区別する。
M087|カンポ・レアルのチーズ製造者は、羊乳だけの製品と三種の乳を混ぜる製品を扱う。スペインのチーズを全部マンチェゴと呼ばず、乳の種類、熟成、製造者を読むと違いが見える。州内の工場で作られることと、乳の採れた場所まで確定することは別に考えたい。|同じ製造者でも乳の配合や熟成で硬さが変わる。切り口の密度と、表面から中心までの違いを見て食べる。|製品ごとの硬さ,切り口,乳の密度|小さな切り身から食べ比べる。羊乳100％か混乳かはラベルで選ぶ。
M088|アランフエスの菜園では、小さなfresaと大粒のfresónを区別する。生産者団体は、小さなイチゴが繊細で手間がかかり、栽培維持が課題であることも伝える。王宮の町を土産店だけで終わらせず、タホ川沿いの畑と食材へ目を向けたい。一般的なイチゴ盛りとは違い、土地の作物として扱う項目だ。|小さな果実のやわらかさと水分。大きいイチゴと同じ名前でまとめず、実の大きさや香りを比べる。|やわらかな果肉,小粒の版,水分|産地表示のある果実を選び、そのまま食べる。傷みやすい小粒は長い持ち歩きを避ける。
M089|ペリコスとも呼ばれる、アランフエスの緑のアスパラガス。地元生産者は春の作物として紹介し、蒸す、炭火や鉄板で焼く、卵料理にする食べ方を挙げる。王宮や庭園の景観の外側には畑があり、その土から食卓が続いている。近郊の農産物を知るための一項目だ。|穂先と茎で形もやわらかさも違う。焼けば表面に焼き目が付き、蒸せば茎の水分を保つ食べ方になる。|穂先のやわらかさ,茎の歯応え,緑の繊維|春の旬に、産地の分かるものを選ぶ。焼き物や卵料理など仕立てを変えて楽しめる。
M090|DOP「Aceite de Madrid」は、州南東部の指定地域で生産・製造・瓶詰めされるエクストラバージン・オリーブ油を対象にする。首都の食を支える油にも、土地の名前がある。市内の店で買える油すべてを指すのではなく、産地呼称の表示を持つ製品として選びたい。|油は固形の料理と違い、パンなどに少量付けて香りと口当たりを比べる。製品ごとの味の幅を一つに決めつけない。|なめらか,液体,パンに染みる|DOPの名称を確認し、少量をパンや料理に合わせる。調味料としての一項目で、独立した皿とは区別する。
M091|マドリード州の養蜂業を知るなら、会社の所在地と採蜜地を分けて見る。コベーニャのAntonio Simónが売るオーク蜂蜜には、スペインとポルトガルの蜂蜜という表示がある。州の店で買えることだけで地元採蜜品とは呼べない。瓶の原産地を読むことで、移動する養蜂の仕事にも目が向く。|蜂蜜は蜜源や結晶化で粘り、色、口当たりが変わる。濃い色の製品だから同じ味とは限らない。|粘り,液体や結晶,蜜源ごとの違い|パンやチーズへ少量添える。州内で採れたものが目的なら、個別商品の採蜜地で選ぶ。
M092|カップで楽しむ濃いチョコレート、チョコラテ・ア・ラ・タサ。San Ginésの案内では湯で溶く製品を紹介し、水を減らすと濃くなると説明する。牛乳で薄くのばすココアだけを想像せず、チュロスの表面にまとわせる濃度を見ると分かりやすい。揚げ生地と一緒に、朝や休憩の一組を作る。|なめらかな温かい液体がチュロスの溝に絡む。濃さによって、浸した後に残る量も変わる。|とろり,温かい,生地に絡む|チュロスを少しずつ浸す。飲み物と菓子は別項目だが、注文では一組として選べる。
M093|牛乳にレモン皮とシナモンの香りを付け、メレンゲを混ぜるレチェ・メレンガーダ。料理研究家Miriam Garcíaのレシピは、冷たい飲み物とアイスの両方を紹介する。チョコレートとは違う、乳と香辛料の甘味だ。名前が同じでも、グラスで飲む形か凍ったデザートかで食べ方が変わる。|冷たい乳に泡立てた卵白の軽さが加わる。凍らせる版では、同じ材料がスプーンですくう食感になる。|乳のなめらかさ,メレンゲ,冷たい|飲料かアイスかを選ぶ。暑い日の甘味として一杯、または一皿に。
M094|リンゴを発酵させるシドラは、アストゥリアスの食文化と結び付く酒。Casa Mingoではローストチキンと並ぶ店の名物として扱う。マドリードの一軒の食事から、北スペインの飲み物へつながる組合せだ。リンゴの名が付いていても、ジュースやノンアルコール飲料とは異なる。|発酵したリンゴの飲み物として、甘さだけではなく酸味を含む。銘柄や製法で炭酸や甘さの違いもある。|液体,製品ごとの炭酸,リンゴの酸味|鶏料理の横に少量ずつ。酒を飲まない人は別の飲み物を選べる。
M095|vermut de grifoは、樽やサーバーから注ぐベルモット。ワインを基に香草などで風味を付けた酒を、食前の小さな一杯として選ぶ。Los Galayosや市場の販売案内にも登場する。樽出しという言葉はビールを意味せず、瓶詰めと注ぎ方が違うベルモットの楽しみ方だ。|ワインに甘味、苦味、香草の香りを重ねる。氷や添えるものがあれば、時間とともに一杯の印象も変わる。|なめらか,冷たい,氷を添える版|漬物の串や小皿と合わせる食前酒に。飲酒は街歩きの必須条件ではない。
M096|サン・イシドロのリモナーダは、祭りと結び付くワイン入りの飲み物。レモネードに似た名でもソフトドリンクとは限らない。市が紹介するスミレ風味の現代的なレシピと、昔ながらの祭礼の一杯は分けて知りたい。菓子のロスキージャスとともに、5月の食の暦を作る。|レモンなどの果実とワインを合わせる飲み物。冷たさや甘さだけでアルコールの有無は判断できない。|冷たい,果実の風味,液体|祭りの飲み物として少量を選ぶ。ノンアルコールが希望なら注文時に区別する。
M097|ヤヨは、マラサーニャのCasa Camachoで知られる、ベルモット、ジン、ソーダを合わせる一杯。三つの飲み物を組み合わせる店の名物で、マドリードのすべてのバルで同じものが出る共通名称ではない。小さな酒場の定番から、地区の食前酒文化へ目を向けられる。|ベルモットの風味にジンが加わり、ソーダが液体を軽くする。見た目の淡さだけで弱い酒とは判断しない。|炭酸,冷たい,香草の風味|この店の名物として選ぶ。配合や価格は現行メニューで確認し、少量で楽しむ。
M098|DO「Vinos de Madrid」のワインは、首都の外側に広がるぶどう畑と食卓をつなぐ。マドリードの店で出すワインがすべてこの産地という意味ではない。Casa EnriquetaのワインリストにもDO Madridの銘柄があり、肉料理や小皿と地元の一杯を合わせる入口になる。|赤、白、ロゼなどで仕立ては異なる。一つの味にまとめず、銘柄とぶどう、熟成の説明を読んで選ぶ。|液体,銘柄ごとの厚み,熟成による違い|ラベルの産地呼称を確認する。グラスで選べる銘柄なら少量から。
M099|チンチョンの地名を持つアニス酒は、近郊の町と結び付く産品。緑の木造バルコニーに囲まれた中央広場を歩くと、首都の大通りとは違う町の規模が感じられる。甘口や辛口などの種類があり、同じ名でも度数と糖分は一様ではない。土産として製品の違いを読む楽しみもある。|アニスの香りを主役にした酒。甘さとアルコール度数は製品の種類で異なり、香りの甘い印象だけでは決められない。|液体,香りが強い,種類ごとの甘さ|少量をゆっくり。車での日帰りなら飲まずに持ち帰る選び方がある。
M100|La Caníbalは、2023年にサン・ブラス地区のフリアン・カマリージョ通りに自社工場を持った経緯を公式に説明する。それ以前には他地域の工場でも醸造していたという。現在のマドリードの醸造を紹介するなら、販売店の住所だけでなく、製造場所までたどると街の変化が見える。|ラガーやIPAなど、製品ごとに麦芽とホップ、発酵の組合せが違う。クラフトという言葉だけで苦味を一律には決められない。|泡,炭酸,製品ごとの厚み|銘柄と醸造元を見て一杯を選ぶ。製造地を確かめ、単なる市内販売品と区別する。
