L01|マヨール広場は、建物の回廊が四辺を囲む旧市街の広場。中央から全体を眺めたら、アーチを抜けて小路へ出ると街の形が変わる。食の散策ならイカサンドを一食の軸にしやすい。広場の名前と料理を一緒に覚えると、マドリードの最初の軽食が決まる。
L02|プエルタ・デル・ソルは旧市街の散策の起点になる広場。街路がいくつも集まる場所から、菓子店やタラの揚げ物を出す酒場へ寄り道できる。La MallorquinaのナポリターナとCasa Labraのタラは、甘い休憩か塩味の軽食かを選ぶ二つの方向になる。
L03|マドリード王宮では、室内装飾と建物の大きさが王室の表舞台を見せる。食に関心があれば、その大人数の食事を裏側でどう支えたかにも目を向けたい。町のコシードを食べる前後に王宮を見ると、宮廷と市井で異なる食卓の規模を考えられる。
L04|王宮の王室厨房は、食事を作る仕事場を見られる見学先。2026年9月28日に確認した公式案内では、厨房のガイド付き見学と王宮自由見学の組合せ、厨房のみの見学があり、オンラインで買うガイドツアーはスペイン語。厨房の見学は約45分で、王宮の部屋を見る時間とは別に取る。料理が供されるレストランではなく、調理を支えた空間を学ぶ場所だ。
L05|王宮に向かい合うアルムデナ大聖堂は、街の守護聖母の名前を知る場所。建物を見るだけでなく、11月9日の祝日に冠形のコロナが菓子店へ並ぶことを知ると、信仰と食の暦がつながる。大聖堂で菓子を買うという案内ではなく、見学後に菓子店で季節の品を選ぶ組合せだ。
L06|王室コレクション・ギャラリーは、王宮周辺で王家の美術や工芸をたどる施設。豪華な収蔵品だけでなく、建設時に見つかった古い城壁も、街が重なってきた時間を伝える。展示に集中する日には、長い食事を詰め込まず、近くの街へ戻って菓子や一杯を選ぶ余白を残したい。
L07|カンポ・デル・モーロ庭園では、王宮の建物を背景にした景観を眺められる。宮殿の室内を見続ける日とは違い、木々と奥行きのある庭園を歩く時間になる。散策後のチョコレート休憩を一つ選べば、濃い甘味が旅の区切りになる。庭園内で特定の菓子を売るという意味ではない。
L08|プラド美術館は、食を描いた静物画を探すという見方もできる。器や食材をどう配置したかに注目すると、料理そのものとは別の視点から昔の食卓が見えてくる。鑑賞後はラス・レトラス地区の食事と組み合わせやすい。作品の展示状況とレストランのメニューは、それぞれ別に選ぶ。
L09|ソフィア王妃芸術センターでは、近現代美術を軸にマドリードを見る。プラドの鑑賞と同じ予定に詰め込みすぎず、アトーチャやラバピエス側の街歩きと組み合わせたい。市場の食や新しい飲食店を選ぶ日にすると、歴史ある老舗だけではない現在の首都へ目を向けられる。
L10|ティッセン美術館は、幅広い時代の絵画の流れを見たい日の候補。プラド、レティーロとの組合せは選択式にし、全館を急いで回るより一つに時間を取る方が食事の余裕も残る。鑑賞後の小皿や冷たいスープを軽い食事にすれば、午後の散策へつなげられる。
L11|レティーロ公園は、池と並木を歩く屋外の名所。美術館と食事の間に、座って休む時間や木陰を歩く時間を挟める。朝にチュロスを選ぶ日も、昼の冷たいスープを選ぶ日も、食事を公園散策と組み合わせられる。公園の開園と園内施設の開館は別の情報として扱う。
L12|クリスタル宮殿は、1887年の植物展示のために作られた鉄とガラスの建築。王室の住まいではなく、大きな温室としての姿が見どころだ。2026年9月28日に確認した市の案内では、工事のため2027年まで一時閉館。現在は建物を覆うアート作品を見る案内があり、内部鑑賞を前提にした旅程にはしない。
L13|アルカラ門は、レティーロ北西側で街路と公園をつなぐ歴史的な門。アーチの連なりを眺めてから、公園へ入るかサラマンカ地区へ進むかを選べる。菓子店や市場を目当てにするなら、門を散策の区切りにすると、建築と食の買物を一つの午後に組み合わせやすい。
L14|シベーレス宮殿は旧郵便関連施設を活かした文化施設。外観の装飾と上から見る街並みが見どころになる。展望台と飲食テラスは用途の異なる場所なので、景色を見る入場と食事の予約を一つにしない。街を見渡した後、別のカフェや酒場で一杯を選ぶ時間にもつなげられる。
L15|グラン・ビアでは、大通りの建築、看板、劇場街の景色を楽しむ。昼の回廊や市場とは違う、首都の夜の顔に出会える散策だ。夕食前後に小皿を選ぶか、昼間にソルの菓子店と組み合わせるかで印象が変わる。一本の通りに全店の名物がそろうと考えず、寄り道を選んで歩きたい。
L16|デボー神殿は、エジプトから移され、1972年に現在地で公開された古代神殿。スペインの首都にエジプトの建築があるという意外さが見どころだ。王宮周辺の散策とは別の方向へ足を延ばし、プリンシペ・ピオ方面の食事を組み合わせる候補になる。内部見学と外観を見る散策は分けて予定する。
L17|エル・ラストロは日曜・祝日の屋外市として知られる。露店のにぎわいを見てから、ラ・ラティーナで小皿やベルモットを選ぶ流れが作れる。常設の骨董店と露店は同じ営業日ではないため、市の日の風景を見たいなら曜日が大切。市場散策を食べ歩きの合間の一場面にできる。
L18|ラ・ラティーナとカバ・バハは、バルと広場をたどる街歩きそのものが楽しい地区。ウエボス・ロトスやカジョスなど、温かい一皿を選ぶ日の候補になる。ラストロの日の昼と普段の夜では街の様子が違う。店を何軒も回ることより、気になる料理を一つ決めて歩くと食の焦点が定まる。
L19|ラス・レトラス地区では、サンタ・アナ広場や文学者ゆかりの通りを歩ける。美術館と老舗の食事をつなぐ地区で、ウエルタス通りのCasa Albertoもその一軒。煮込みやクロケタを選ぶ前後に街路を見ると、料理の皿だけでは見えない首都の日常が加わる。
L20|カルボネラス修道院は、マヨール広場近くの小さな寄り道先。市の伝統菓子案内では、修道院で作る焼き菓子も紹介される。宮廷の華やかな菓子店とは別に、宗教施設が支えてきた製菓の仕事へ目を向けられる。品ぞろえや購入方法はその日の施設案内に従い、特定商品を常備すると決めない。
L21|サン・アントニオ・デ・ラ・フロリダ礼拝堂は、ゴヤのフレスコ画を見上げる名所。額に収まる絵とは違い、建築の上部全体に描かれた世界を見る。近くのCasa Mingoでローストチキンとシドラを選ぶと、美術館の外でゴヤに出会う散策と食事がつながる。
L22|マドリード・リオはマンサナーレス川沿いの散策空間。橋や文化施設を選びながら歩くと、中心街の建物が続く景色から開放的な場面へ変わる。食事の前後に長く歩くより、区間を決めて軽食と組み合わせたい。地元の人が過ごす屋外の時間も、首都の旅の一部になる。
L23|鉄とガラスのサン・ミゲル市場は、一つの空間でスペイン各地の味を選べる食の名所。ハム、魚介、米料理が並んでも、すべてがマドリード産という意味ではない。運営元は保存工事後の2026年2月26日再開を発表している。2026年9月28日にその案内を再確認したうえで、料理を一つ選ぶ市場として紹介する。
L24|チュエカのサン・アントン市場は、食材売場と飲食を組み合わせる場所。観光用の完成皿だけでなく、店頭の食材から献立を考える街の姿も見られる。サン・アントンという名前が同じでも、1月の祭礼菓子を通年販売する証拠にはならない。市場で見つかるその日の商品を選ぶ楽しみ方が向いている。
L25|アントン・マルティン市場では、従来の食材売場と各地の飲食店が同居する。郷土料理だけに限らず、いまの首都の食の多様さを知る場所だ。ラス・レトラス南側やラバピエス側の散策と合わせ、食材を買う市場と食事をする場所の両方を眺めたい。
L26|サラマンカ地区のラ・パス市場は、買物と食事を同じ場所で楽しめる市場。トルティージャやチーズなどを選ぶ前に、売場の並びや食材を見る時間を取れる。市の料理案内が紹介する市場の名物を入口に、町の人の買物と一切れの食事をつなげたい。
L27|近郊のアルカラ・デ・エナレスは、大学とセルバンテスゆかりの旧市街が見どころ。市内観光の途中の短い寄り道ではなく、一つの日帰り先として選ぶ。町の菓子コストラーダを休憩に置けば、建物と食べ物の両方から土地を覚えられる。パイとクリームの層を見てから街を歩くのも楽しい。
L28|近郊のアランフエスは王宮と庭園で知られるが、周囲の菜園も食の旅の主役になる。イチゴや春のアスパラガスを知ると、水と畑に支えられた景観が皿につながる。宮殿見学と農産物の買物は別の目的地として組み、地元産の表示を見ながら季節の作物を選びたい。
L29|近郊のチンチョンは、緑の木のバルコニーが連なる中央広場が印象的な町。街並みと一緒に、地名を持つアニス酒や周辺のロースト料理へ目を向けられる。市内の広場とは規模も雰囲気も違う日帰り先として選び、運転する日は酒を飲まず製品を土産にする楽しみ方がある。
L30|サン・ロレンソ・デ・エル・エスコリアルでは、大規模な修道院と宮殿の複合施設が山側の旅の中心になる。首都の市場とは異なる景観を見たい日帰り先だ。食事はカスティーリャ系の焼き物などから選ぶと、建築だけでなく周辺地域の食にも関心が広がる。他の近郊都市と一日に詰め合わせない。
