date,tag,query,media,retained_candidates,result_scope
2026-09-28,d001,Cocido madrileño,Openverse commercial filter + Commons,8,候補数は重複除外後の保存件数。権利合格数ではない。採否はpicks/verified/rights-wp-ledgerとBLOCKERS参照。
2026-09-28,d001,Cocido madrileño Madrid,Openverse commercial filter + Commons,5,候補数は重複除外後の保存件数。権利合格数ではない。採否はpicks/verified/rights-wp-ledgerとBLOCKERS参照。
2026-09-28,d002,Callos a la madrileña,Openverse commercial filter + Commons,7,候補数は重複除外後の保存件数。権利合格数ではない。採否はpicks/verified/rights-wp-ledgerとBLOCKERS参照。
2026-09-28,d002,Callos a la madrileña Madrid,Openverse commercial filter + Commons,4,候補数は重複除外後の保存件数。権利合格数ではない。採否はpicks/verified/rights-wp-ledgerとBLOCKERS参照。
2026-09-28,d003,Gallinejas y,Openverse commercial filter + Commons,6,候補数は重複除外後の保存件数。権利合格数ではない。採否はpicks/verified/rights-wp-ledgerとBLOCKERS参照。
2026-09-28,d003,Gallinejas y entresijos,Openverse commercial filter + Commons,3,候補数は重複除外後の保存件数。権利合格数ではない。採否はpicks/verified/rights-wp-ledgerとBLOCKERS参照。
2026-09-28,d004,Canutos,Openverse commercial filter + Commons,9,候補数は重複除外後の保存件数。権利合格数ではない。採否はpicks/verified/rights-wp-ledgerとBLOCKERS参照。
2026-09-28,d004,Canutos Madrid,Openverse commercial filter + Commons,4,候補数は重複除外後の保存件数。権利合格数ではない。採否はpicks/verified/rights-wp-ledgerとBLOCKERS参照。
2026-09-28,d004,canutos cordero fritos Madrid,Openverse commercial filter + Commons,0,候補数は重複除外後の保存件数。権利合格数ではない。採否はpicks/verified/rights-wp-ledgerとBLOCKERS参照。
2026-09-28,d004,canutos gallinejas Enriqueta,Openverse commercial filter + Commons,0,候補数は重複除外後の保存件数。権利合格数ではない。採否はpicks/verified/rights-wp-ledgerとBLOCKERS参照。
2026-09-28,d005,Mollejas de,Openverse commercial filter + Commons,10,候補数は重複除外後の保存件数。権利合格数ではない。採否はpicks/verified/rights-wp-ledgerとBLOCKERS参照。
2026-09-28,d005,Mollejas de cordero,Openverse commercial filter + Commons,9,候補数は重複除外後の保存件数。権利合格数ではない。採否はpicks/verified/rights-wp-ledgerとBLOCKERS参照。
2026-09-28,d006,Zarajos,Openverse commercial filter + Commons,6,候補数は重複除外後の保存件数。権利合格数ではない。採否はpicks/verified/rights-wp-ledgerとBLOCKERS参照。
2026-09-28,d007,Oreja a,Openverse commercial filter + Commons,9,候補数は重複除外後の保存件数。権利合格数ではない。採否はpicks/verified/rights-wp-ledgerとBLOCKERS参照。
2026-09-28,d007,Oreja a la plancha,Openverse commercial filter + Commons,6,候補数は重複除外後の保存件数。権利合格数ではない。採否はpicks/verified/rights-wp-ledgerとBLOCKERS参照。
2026-09-28,d008,Pepito de,Openverse commercial filter + Commons,5,候補数は重複除外後の保存件数。権利合格数ではない。採否はpicks/verified/rights-wp-ledgerとBLOCKERS参照。
2026-09-28,d008,Pepito de ternera,Openverse commercial filter + Commons,5,候補数は重複除外後の保存件数。権利合格数ではない。採否はpicks/verified/rights-wp-ledgerとBLOCKERS参照。
2026-09-28,d009,Caracoles a,Openverse commercial filter + Commons,10,候補数は重複除外後の保存件数。権利合格数ではない。採否はpicks/verified/rights-wp-ledgerとBLOCKERS参照。
2026-09-28,d009,Caracoles a la madrileña,Openverse commercial filter + Commons,3,候補数は重複除外後の保存件数。権利合格数ではない。採否はpicks/verified/rights-wp-ledgerとBLOCKERS参照。
2026-09-28,d010,Gallina en,Openverse commercial filter + Commons,10,候補数は重複除外後の保存件数。権利合格数ではない。採否はpicks/verified/rights-wp-ledgerとBLOCKERS参照。
2026-09-28,d010,Gallina en pepitoria,Openverse commercial filter + Commons,2,候補数は重複除外後の保存件数。権利合格数ではない。採否はpicks/verified/rights-wp-ledgerとBLOCKERS参照。
2026-09-28,d011,Bocadillo de calamares,Openverse commercial filter + Commons,9,候補数は重複除外後の保存件数。権利合格数ではない。採否はpicks/verified/rights-wp-ledgerとBLOCKERS参照。
2026-09-28,d011,Bocadillo de calamares Madrid,Openverse commercial filter + Commons,5,候補数は重複除外後の保存件数。権利合格数ではない。採否はpicks/verified/rights-wp-ledgerとBLOCKERS参照。
2026-09-28,d012,Bacalao rebozado,Openverse commercial filter + Commons,4,候補数は重複除外後の保存件数。権利合格数ではない。採否はpicks/verified/rights-wp-ledgerとBLOCKERS参照。
2026-09-28,d013,Besugo a,Openverse commercial filter + Commons,9,候補数は重複除外後の保存件数。権利合格数ではない。採否はpicks/verified/rights-wp-ledgerとBLOCKERS参照。
2026-09-28,d013,Besugo a la madrileña,Openverse commercial filter + Commons,1,候補数は重複除外後の保存件数。権利合格数ではない。採否はpicks/verified/rights-wp-ledgerとBLOCKERS参照。
2026-09-28,d013,besugo a,Openverse commercial filter + Commons,1,候補数は重複除外後の保存件数。権利合格数ではない。採否はpicks/verified/rights-wp-ledgerとBLOCKERS参照。
2026-09-28,d013,besugo al,Openverse commercial filter + Commons,11,候補数は重複除外後の保存件数。権利合格数ではない。採否はpicks/verified/rights-wp-ledgerとBLOCKERS参照。
2026-09-28,d013,besugo al horno,Openverse commercial filter + Commons,1,候補数は重複除外後の保存件数。権利合格数ではない。採否はpicks/verified/rights-wp-ledgerとBLOCKERS参照。
2026-09-28,d014,Consomé de,Openverse commercial filter + Commons,7,候補数は重複除外後の保存件数。権利合格数ではない。採否はpicks/verified/rights-wp-ledgerとBLOCKERS参照。
2026-09-28,d014,Lhardy consome,Openverse commercial filter + Commons,0,候補数は重複除外後の保存件数。権利合格数ではない。採否はpicks/verified/rights-wp-ledgerとBLOCKERS参照。
2026-09-28,d014,consome Lhardy,Openverse commercial filter + Commons,0,候補数は重複除外後の保存件数。権利合格数ではない。採否はpicks/verified/rights-wp-ledgerとBLOCKERS参照。
2026-09-28,d015,Huevos rotos,Openverse commercial filter + Commons,9,候補数は重複除外後の保存件数。権利合格数ではない。採否はpicks/verified/rights-wp-ledgerとBLOCKERS参照。
2026-09-28,d015,Huevos rotos Madrid,Openverse commercial filter + Commons,4,候補数は重複除外後の保存件数。権利合格数ではない。採否はpicks/verified/rights-wp-ledgerとBLOCKERS参照。
2026-09-28,d016,Rabo de,Openverse commercial filter + Commons,10,候補数は重複除外後の保存件数。権利合格数ではない。採否はpicks/verified/rights-wp-ledgerとBLOCKERS参照。
2026-09-28,d016,Rabo de toro / rabo de ternera,Openverse commercial filter + Commons,2,候補数は重複除外後の保存件数。権利合格数ではない。採否はpicks/verified/rights-wp-ledgerとBLOCKERS参照。
2026-09-28,d017,Carrillada /,Openverse commercial filter + Commons,4,候補数は重複除外後の保存件数。権利合格数ではない。採否はpicks/verified/rights-wp-ledgerとBLOCKERS参照。
2026-09-28,d017,Carrillada / carrilleras,Openverse commercial filter + Commons,5,候補数は重複除外後の保存件数。権利合格数ではない。採否はpicks/verified/rights-wp-ledgerとBLOCKERS参照。
2026-09-28,d018,Albóndigas,Openverse commercial filter + Commons,10,候補数は重複除外後の保存件数。権利合格数ではない。採否はpicks/verified/rights-wp-ledgerとBLOCKERS参照。
2026-09-28,d018,albondigas salsa,Openverse commercial filter + Commons,10,候補数は重複除外後の保存件数。権利合格数ではない。採否はpicks/verified/rights-wp-ledgerとBLOCKERS参照。
2026-09-28,d019,Sopa de,Openverse commercial filter + Commons,10,候補数は重複除外後の保存件数。権利合格数ではない。採否はpicks/verified/rights-wp-ledgerとBLOCKERS参照。
2026-09-28,d019,Sopa de ajo / sopa castellana,Openverse commercial filter + Commons,5,候補数は重複除外後の保存件数。権利合格数ではない。採否はpicks/verified/rights-wp-ledgerとBLOCKERS参照。
2026-09-28,d019,Sopa de ajo / sopa castellana Madrid,Openverse commercial filter + Commons,4,候補数は重複除外後の保存件数。権利合格数ではない。採否はpicks/verified/rights-wp-ledgerとBLOCKERS参照。
2026-09-28,d020,Potaje de,Openverse commercial filter + Commons,5,候補数は重複除外後の保存件数。権利合格数ではない。採否はpicks/verified/rights-wp-ledgerとBLOCKERS参照。
2026-09-28,d020,Potaje de vigilia,Openverse commercial filter + Commons,7,候補数は重複除外後の保存件数。権利合格数ではない。採否はpicks/verified/rights-wp-ledgerとBLOCKERS参照。
2026-09-28,d021,Patatas bravas,Openverse commercial filter + Commons,10,候補数は重複除外後の保存件数。権利合格数ではない。採否はpicks/verified/rights-wp-ledgerとBLOCKERS参照。
2026-09-28,d022,Croquetas,Openverse commercial filter + Commons,10,候補数は重複除外後の保存件数。権利合格数ではない。採否はpicks/verified/rights-wp-ledgerとBLOCKERS参照。
2026-09-28,d023,Tortilla de patatas,Openverse commercial filter + Commons,10,候補数は重複除外後の保存件数。権利合格数ではない。採否はpicks/verified/rights-wp-ledgerとBLOCKERS参照。
2026-09-28,d023,tortilla española,Openverse commercial filter + Commons,11,候補数は重複除外後の保存件数。権利合格数ではない。採否はpicks/verified/rights-wp-ledgerとBLOCKERS参照。
2026-09-28,d024,Gambas al ajillo,Openverse commercial filter + Commons,8,候補数は重複除外後の保存件数。権利合格数ではない。採否はpicks/verified/rights-wp-ledgerとBLOCKERS参照。
2026-09-28,d024,Gambas al ajillo Madrid,Openverse commercial filter + Commons,6,候補数は重複除外後の保存件数。権利合格数ではない。採否はpicks/verified/rights-wp-ledgerとBLOCKERS参照。
2026-09-28,d025,Champiñones al,Openverse commercial filter + Commons,6,候補数は重複除外後の保存件数。権利合格数ではない。採否はpicks/verified/rights-wp-ledgerとBLOCKERS参照。
2026-09-28,d025,Champiñones al ajillo,Openverse commercial filter + Commons,9,候補数は重複除外後の保存件数。権利合格数ではない。採否はpicks/verified/rights-wp-ledgerとBLOCKERS参照。
2026-09-28,d026,Boquerones en,Openverse commercial filter + Commons,1,候補数は重複除外後の保存件数。権利合格数ではない。採否はpicks/verified/rights-wp-ledgerとBLOCKERS参照。
2026-09-28,d026,Boquerones en vinagre,Openverse commercial filter + Commons,7,候補数は重複除外後の保存件数。権利合格数ではない。採否はpicks/verified/rights-wp-ledgerとBLOCKERS参照。
2026-09-28,d027,Salmón ahumado,Openverse commercial filter + Commons,10,候補数は重複除外後の保存件数。権利合格数ではない。採否はpicks/verified/rights-wp-ledgerとBLOCKERS参照。
2026-09-28,d027,cold smoked,Openverse commercial filter + Commons,14,候補数は重複除外後の保存件数。権利合格数ではない。採否はpicks/verified/rights-wp-ledgerとBLOCKERS参照。
2026-09-28,d027,cold smoked salmon slices,Openverse commercial filter + Commons,2,候補数は重複除外後の保存件数。権利合格数ではない。採否はpicks/verified/rights-wp-ledgerとBLOCKERS参照。
2026-09-28,d027,salmon ahumado,Openverse commercial filter + Commons,7,候補数は重複除外後の保存件数。権利合格数ではない。採否はpicks/verified/rights-wp-ledgerとBLOCKERS参照。
2026-09-28,d028,Banderillas de,Openverse commercial filter + Commons,9,候補数は重複除外後の保存件数。権利合格数ではない。採否はpicks/verified/rights-wp-ledgerとBLOCKERS参照。
2026-09-28,d028,Banderillas de encurtidos,Openverse commercial filter + Commons,4,候補数は重複除外後の保存件数。権利合格数ではない。採否はpicks/verified/rights-wp-ledgerとBLOCKERS参照。
2026-09-28,d029,Casa Mingo,Openverse commercial filter + Commons,10,候補数は重複除外後の保存件数。権利合格数ではない。採否はpicks/verified/rights-wp-ledgerとBLOCKERS参照。
2026-09-28,d029,Casa Mingo pollo,Openverse commercial filter + Commons,2,候補数は重複除外後の保存件数。権利合格数ではない。採否はpicks/verified/rights-wp-ledgerとBLOCKERS参照。
2026-09-28,d029,Pollo asado,Openverse commercial filter + Commons,9,候補数は重複除外後の保存件数。権利合格数ではない。採否はpicks/verified/rights-wp-ledgerとBLOCKERS参照。
2026-09-28,d030,Berenjenas en,Openverse commercial filter + Commons,8,候補数は重複除外後の保存件数。権利合格数ではない。採否はpicks/verified/rights-wp-ledgerとBLOCKERS参照。
2026-09-28,d031,Ensaladilla rusa,Openverse commercial filter + Commons,9,候補数は重複除外後の保存件数。権利合格数ではない。採否はpicks/verified/rights-wp-ledgerとBLOCKERS参照。
2026-09-28,d031,Ensaladilla rusa Madrid,Openverse commercial filter + Commons,2,候補数は重複除外後の保存件数。権利合格数ではない。採否はpicks/verified/rights-wp-ledgerとBLOCKERS参照。
2026-09-28,d032,Torreznos,Openverse commercial filter + Commons,10,候補数は重複除外後の保存件数。権利合格数ではない。採否はpicks/verified/rights-wp-ledgerとBLOCKERS参照。
2026-09-28,d032,torreznos Soria,Openverse commercial filter + Commons,6,候補数は重複除外後の保存件数。権利合格数ではない。採否はpicks/verified/rights-wp-ledgerとBLOCKERS参照。
2026-09-28,d033,Morcilla,Openverse commercial filter + Commons,9,候補数は重複除外後の保存件数。権利合格数ではない。採否はpicks/verified/rights-wp-ledgerとBLOCKERS参照。
2026-09-28,d033,Morcilla Madrid,Openverse commercial filter + Commons,8,候補数は重複除外後の保存件数。権利合格数ではない。採否はpicks/verified/rights-wp-ledgerとBLOCKERS参照。
2026-09-28,d034,Chistorra,Openverse commercial filter + Commons,10,候補数は重複除外後の保存件数。権利合格数ではない。採否はpicks/verified/rights-wp-ledgerとBLOCKERS参照。
2026-09-28,d035,Jamón ibérico,Openverse commercial filter + Commons,10,候補数は重複除外後の保存件数。権利合格数ではない。採否はpicks/verified/rights-wp-ledgerとBLOCKERS参照。
2026-09-28,d036,Cecina,Openverse commercial filter + Commons,8,候補数は重複除外後の保存件数。権利合格数ではない。採否はpicks/verified/rights-wp-ledgerとBLOCKERS参照。
2026-09-28,d036,Cecina Madrid,Openverse commercial filter + Commons,10,候補数は重複除外後の保存件数。権利合格数ではない。採否はpicks/verified/rights-wp-ledgerとBLOCKERS参照。
2026-09-28,d036,cecina Leon,Openverse commercial filter + Commons,7,候補数は重複除外後の保存件数。権利合格数ではない。採否はpicks/verified/rights-wp-ledgerとBLOCKERS参照。
2026-09-28,d037,Chorizos a,Openverse commercial filter + Commons,10,候補数は重複除外後の保存件数。権利合格数ではない。採否はpicks/verified/rights-wp-ledgerとBLOCKERS参照。
2026-09-28,d037,Chorizos a la sidra,Openverse commercial filter + Commons,9,候補数は重複除外後の保存件数。権利合格数ではない。採否はpicks/verified/rights-wp-ledgerとBLOCKERS参照。
2026-09-28,d038,Pimientos del,Openverse commercial filter + Commons,5,候補数は重複除外後の保存件数。権利合格数ではない。採否はpicks/verified/rights-wp-ledgerとBLOCKERS参照。
2026-09-28,d038,Pimientos del piquillo rellenos,Openverse commercial filter + Commons,7,候補数は重複除外後の保存件数。権利合格数ではない。採否はpicks/verified/rights-wp-ledgerとBLOCKERS参照。
2026-09-28,d039,Empanadillas de,Openverse commercial filter + Commons,8,候補数は重複除外後の保存件数。権利合格数ではない。採否はpicks/verified/rights-wp-ledgerとBLOCKERS参照。
2026-09-28,d040,Aguja de,Openverse commercial filter + Commons,9,候補数は重複除外後の保存件数。権利合格数ではない。採否はpicks/verified/rights-wp-ledgerとBLOCKERS参照。
2026-09-28,d040,Aguja de ternera,Openverse commercial filter + Commons,1,候補数は重複除外後の保存件数。権利合格数ではない。採否はpicks/verified/rights-wp-ledgerとBLOCKERS参照。
2026-09-28,d041,Cochinillo asado,Openverse commercial filter + Commons,8,候補数は重複除外後の保存件数。権利合格数ではない。採否はpicks/verified/rights-wp-ledgerとBLOCKERS参照。
2026-09-28,d041,Cochinillo asado Madrid,Openverse commercial filter + Commons,8,候補数は重複除外後の保存件数。権利合格数ではない。採否はpicks/verified/rights-wp-ledgerとBLOCKERS参照。
2026-09-28,d042,Paletilla de,Openverse commercial filter + Commons,10,候補数は重複除外後の保存件数。権利合格数ではない。採否はpicks/verified/rights-wp-ledgerとBLOCKERS参照。
2026-09-28,d042,Paletilla de cordero lechal asada,Openverse commercial filter + Commons,1,候補数は重複除外後の保存件数。権利合格数ではない。採否はpicks/verified/rights-wp-ledgerとBLOCKERS参照。
2026-09-28,d043,Pulpo a feira,Openverse commercial filter + Commons,10,候補数は重複除外後の保存件数。権利合格数ではない。採否はpicks/verified/rights-wp-ledgerとBLOCKERS参照。
2026-09-28,d044,Tortos de,Openverse commercial filter + Commons,8,候補数は重複除外後の保存件数。権利合格数ではない。採否はpicks/verified/rights-wp-ledgerとBLOCKERS参照。
2026-09-28,d044,Tortos de maíz,Openverse commercial filter + Commons,3,候補数は重複除外後の保存件数。権利合格数ではない。採否はpicks/verified/rights-wp-ledgerとBLOCKERS参照。
2026-09-28,d045,Empanada de,Openverse commercial filter + Commons,10,候補数は重複除外後の保存件数。権利合格数ではない。採否はpicks/verified/rights-wp-ledgerとBLOCKERS参照。
2026-09-28,d045,Empanada de atún,Openverse commercial filter + Commons,4,候補数は重複除外後の保存件数。権利合格数ではない。採否はpicks/verified/rights-wp-ledgerとBLOCKERS参照。
2026-09-28,d046,Fabada asturiana,Openverse commercial filter + Commons,10,候補数は重複除外後の保存件数。権利合格数ではない。採否はpicks/verified/rights-wp-ledgerとBLOCKERS参照。
2026-09-28,d047,Cachopo,Openverse commercial filter + Commons,9,候補数は重複除外後の保存件数。権利合格数ではない。採否はpicks/verified/rights-wp-ledgerとBLOCKERS参照。
2026-09-28,d047,Cachopo Madrid,Openverse commercial filter + Commons,5,候補数は重複除外後の保存件数。権利合格数ではない。採否はpicks/verified/rights-wp-ledgerとBLOCKERS参照。
2026-09-28,d048,Fabes con,Openverse commercial filter + Commons,3,候補数は重複除外後の保存件数。権利合格数ではない。採否はpicks/verified/rights-wp-ledgerとBLOCKERS参照。
2026-09-28,d048,Fabes con almejas,Openverse commercial filter + Commons,5,候補数は重複除外後の保存件数。権利合格数ではない。採否はpicks/verified/rights-wp-ledgerとBLOCKERS参照。
2026-09-28,d048,Fabes con almejas Madrid,Openverse commercial filter + Commons,1,候補数は重複除外後の保存件数。権利合格数ではない。採否はpicks/verified/rights-wp-ledgerとBLOCKERS参照。
2026-09-28,d049,Merluza a la gallega,Openverse commercial filter + Commons,10,候補数は重複除外後の保存件数。権利合格数ではない。採否はpicks/verified/rights-wp-ledgerとBLOCKERS参照。
2026-09-28,d050,Chipirones a,Openverse commercial filter + Commons,6,候補数は重複除外後の保存件数。権利合格数ではない。採否はpicks/verified/rights-wp-ledgerとBLOCKERS参照。
2026-09-28,d050,Chipirones a la plancha,Openverse commercial filter + Commons,7,候補数は重複除外後の保存件数。権利合格数ではない。採否はpicks/verified/rights-wp-ledgerとBLOCKERS参照。
2026-09-28,d051,Salpicón de,Openverse commercial filter + Commons,6,候補数は重複除外後の保存件数。権利合格数ではない。採否はpicks/verified/rights-wp-ledgerとBLOCKERS参照。
2026-09-28,d051,Salpicón de marisco,Openverse commercial filter + Commons,9,候補数は重複除外後の保存件数。権利合格数ではない。採否はpicks/verified/rights-wp-ledgerとBLOCKERS参照。
2026-09-28,d052,Gambas a,Openverse commercial filter + Commons,4,候補数は重複除外後の保存件数。権利合格数ではない。採否はpicks/verified/rights-wp-ledgerとBLOCKERS参照。
2026-09-28,d052,Gambas a la gabardina,Openverse commercial filter + Commons,4,候補数は重複除外後の保存件数。権利合格数ではない。採否はpicks/verified/rights-wp-ledgerとBLOCKERS参照。
2026-09-28,d053,Sepia a,Openverse commercial filter + Commons,10,候補数は重複除外後の保存件数。権利合格数ではない。採否はpicks/verified/rights-wp-ledgerとBLOCKERS参照。
2026-09-28,d053,Sepia a la plancha,Openverse commercial filter + Commons,9,候補数は重複除外後の保存件数。権利合格数ではない。採否はpicks/verified/rights-wp-ledgerとBLOCKERS参照。
2026-09-28,d054,Zamburiñas,Openverse commercial filter + Commons,10,候補数は重複除外後の保存件数。権利合格数ではない。採否はpicks/verified/rights-wp-ledgerとBLOCKERS参照。
2026-09-28,d055,Mejillones,Openverse commercial filter + Commons,9,候補数は重複除外後の保存件数。権利合格数ではない。採否はpicks/verified/rights-wp-ledgerとBLOCKERS参照。
2026-09-28,d055,Mejillones Madrid,Openverse commercial filter + Commons,9,候補数は重複除外後の保存件数。権利合格数ではない。採否はpicks/verified/rights-wp-ledgerとBLOCKERS参照。
2026-09-28,d055,mejillones al,Openverse commercial filter + Commons,5,候補数は重複除外後の保存件数。権利合格数ではない。採否はpicks/verified/rights-wp-ledgerとBLOCKERS参照。
2026-09-28,d055,mejillones al vapor,Openverse commercial filter + Commons,8,候補数は重複除外後の保存件数。権利合格数ではない。採否はpicks/verified/rights-wp-ledgerとBLOCKERS参照。
2026-09-28,d056,Ostras,Openverse commercial filter + Commons,9,候補数は重複除外後の保存件数。権利合格数ではない。採否はpicks/verified/rights-wp-ledgerとBLOCKERS参照。
2026-09-28,d056,Ostras Madrid,Openverse commercial filter + Commons,9,候補数は重複除外後の保存件数。権利合格数ではない。採否はpicks/verified/rights-wp-ledgerとBLOCKERS参照。
2026-09-28,d056,ostras plato,Openverse commercial filter + Commons,12,候補数は重複除外後の保存件数。権利合格数ではない。採否はpicks/verified/rights-wp-ledgerとBLOCKERS参照。
2026-09-28,d056,raw oysters,Openverse commercial filter + Commons,13,候補数は重複除外後の保存件数。権利合格数ではない。採否はpicks/verified/rights-wp-ledgerとBLOCKERS参照。
2026-09-28,d056,raw oysters plate,Openverse commercial filter + Commons,13,候補数は重複除外後の保存件数。権利合格数ではない。採否はpicks/verified/rights-wp-ledgerとBLOCKERS参照。
2026-09-28,d057,Paella,Openverse commercial filter + Commons,9,候補数は重複除外後の保存件数。権利合格数ではない。採否はpicks/verified/rights-wp-ledgerとBLOCKERS参照。
2026-09-28,d057,Paella Madrid,Openverse commercial filter + Commons,10,候補数は重複除外後の保存件数。権利合格数ではない。採否はpicks/verified/rights-wp-ledgerとBLOCKERS参照。
2026-09-28,d058,Arroz negro,Openverse commercial filter + Commons,8,候補数は重複除外後の保存件数。権利合格数ではない。採否はpicks/verified/rights-wp-ledgerとBLOCKERS参照。
2026-09-28,d058,Arroz negro con sepia,Openverse commercial filter + Commons,7,候補数は重複除外後の保存件数。権利合格数ではない。採否はpicks/verified/rights-wp-ledgerとBLOCKERS参照。
2026-09-28,d059,Gazpacho,Openverse commercial filter + Commons,9,候補数は重複除外後の保存件数。権利合格数ではない。採否はpicks/verified/rights-wp-ledgerとBLOCKERS参照。
2026-09-28,d059,Gazpacho Madrid,Openverse commercial filter + Commons,9,候補数は重複除外後の保存件数。権利合格数ではない。採否はpicks/verified/rights-wp-ledgerとBLOCKERS参照。
2026-09-28,d060,Salmorejo cordobés,Openverse commercial filter + Commons,10,候補数は重複除外後の保存件数。権利合格数ではない。採否はpicks/verified/rights-wp-ledgerとBLOCKERS参照。
2026-09-28,d061,Churros,Openverse commercial filter + Commons,10,候補数は重複除外後の保存件数。権利合格数ではない。採否はpicks/verified/rights-wp-ledgerとBLOCKERS参照。
2026-09-28,d062,Porras,Openverse commercial filter + Commons,9,候補数は重複除外後の保存件数。権利合格数ではない。採否はpicks/verified/rights-wp-ledgerとBLOCKERS参照。
2026-09-28,d062,Porras Madrid,Openverse commercial filter + Commons,9,候補数は重複除外後の保存件数。権利合格数ではない。採否はpicks/verified/rights-wp-ledgerとBLOCKERS参照。
2026-09-28,d063,Torrijas,Openverse commercial filter + Commons,7,候補数は重複除外後の保存件数。権利合格数ではない。採否はpicks/verified/rights-wp-ledgerとBLOCKERS参照。
2026-09-28,d063,Torrijas Madrid,Openverse commercial filter + Commons,8,候補数は重複除外後の保存件数。権利合格数ではない。採否はpicks/verified/rights-wp-ledgerとBLOCKERS参照。
2026-09-28,d064,Bartolillos,Openverse commercial filter + Commons,1,候補数は重複除外後の保存件数。権利合格数ではない。採否はpicks/verified/rights-wp-ledgerとBLOCKERS参照。
2026-09-28,d065,Rosquillas de,Openverse commercial filter + Commons,10,候補数は重複除外後の保存件数。権利合格数ではない。採否はpicks/verified/rights-wp-ledgerとBLOCKERS参照。
2026-09-28,d065,Rosquillas de San Isidro,Openverse commercial filter + Commons,8,候補数は重複除外後の保存件数。権利合格数ではない。採否はpicks/verified/rights-wp-ledgerとBLOCKERS参照。
2026-09-28,d065,Rosquillas de San Isidro Madrid,Openverse commercial filter + Commons,1,候補数は重複除外後の保存件数。権利合格数ではない。採否はpicks/verified/rights-wp-ledgerとBLOCKERS参照。
2026-09-28,d066,Panecillos de,Openverse commercial filter + Commons,7,候補数は重複除外後の保存件数。権利合格数ではない。採否はpicks/verified/rights-wp-ledgerとBLOCKERS参照。
2026-09-28,d066,Panecillos de San Antón,Openverse commercial filter + Commons,1,候補数は重複除外後の保存件数。権利合格数ではない。採否はpicks/verified/rights-wp-ledgerとBLOCKERS参照。
2026-09-28,d067,Corona de,Openverse commercial filter + Commons,8,候補数は重複除外後の保存件数。権利合格数ではない。採否はpicks/verified/rights-wp-ledgerとBLOCKERS参照。
2026-09-28,d067,Corona de la Almudena,Openverse commercial filter + Commons,5,候補数は重複除外後の保存件数。権利合格数ではない。採否はpicks/verified/rights-wp-ledgerとBLOCKERS参照。
2026-09-28,d068,Huesos de santo,Openverse commercial filter + Commons,10,候補数は重複除外後の保存件数。権利合格数ではない。採否はpicks/verified/rights-wp-ledgerとBLOCKERS参照。
2026-09-28,d069,Buñuelos de,Openverse commercial filter + Commons,6,候補数は重複除外後の保存件数。権利合格数ではない。採否はpicks/verified/rights-wp-ledgerとBLOCKERS参照。
2026-09-28,d069,Buñuelos de viento,Openverse commercial filter + Commons,5,候補数は重複除外後の保存件数。権利合格数ではない。採否はpicks/verified/rights-wp-ledgerとBLOCKERS参照。
2026-09-28,d070,Barquillos,Openverse commercial filter + Commons,9,候補数は重複除外後の保存件数。権利合格数ではない。採否はpicks/verified/rights-wp-ledgerとBLOCKERS参照。
2026-09-28,d070,Barquillos Madrid,Openverse commercial filter + Commons,10,候補数は重複除外後の保存件数。権利合格数ではない。採否はpicks/verified/rights-wp-ledgerとBLOCKERS参照。
2026-09-28,d071,Roscón de Reyes,Openverse commercial filter + Commons,9,候補数は重複除外後の保存件数。権利合格数ではない。採否はpicks/verified/rights-wp-ledgerとBLOCKERS参照。
2026-09-28,d071,Roscón de Reyes Madrid,Openverse commercial filter + Commons,8,候補数は重複除外後の保存件数。権利合格数ではない。採否はpicks/verified/rights-wp-ledgerとBLOCKERS参照。
2026-09-28,d072,Napolitanas,Openverse commercial filter + Commons,9,候補数は重複除外後の保存件数。権利合格数ではない。採否はpicks/verified/rights-wp-ledgerとBLOCKERS参照。
2026-09-28,d072,Napolitanas Madrid,Openverse commercial filter + Commons,8,候補数は重複除外後の保存件数。権利合格数ではない。採否はpicks/verified/rights-wp-ledgerとBLOCKERS参照。
2026-09-28,d073,Palmeritas de,Openverse commercial filter + Commons,10,候補数は重複除外後の保存件数。権利合格数ではない。採否はpicks/verified/rights-wp-ledgerとBLOCKERS参照。
2026-09-28,d073,palmeritas Morata,Openverse commercial filter + Commons,0,候補数は重複除外後の保存件数。権利合格数ではない。採否はpicks/verified/rights-wp-ledgerとBLOCKERS参照。
2026-09-28,d073,palmeritas Morata Tajuña chocolate,Openverse commercial filter + Commons,0,候補数は重複除外後の保存件数。権利合格数ではない。採否はpicks/verified/rights-wp-ledgerとBLOCKERS参照。
2026-09-28,d074,Manolitos,Openverse commercial filter + Commons,10,候補数は重複除外後の保存件数。権利合格数ではない。採否はpicks/verified/rights-wp-ledgerとBLOCKERS参照。
2026-09-28,d074,Manolitos Manolo,Openverse commercial filter + Commons,2,候補数は重複除外後の保存件数。権利合格数ではない。採否はpicks/verified/rights-wp-ledgerとBLOCKERS参照。
2026-09-28,d074,manolitos croissant,Openverse commercial filter + Commons,0,候補数は重複除外後の保存件数。権利合格数ではない。採否はpicks/verified/rights-wp-ledgerとBLOCKERS参照。
2026-09-28,d075,Suizo,Openverse commercial filter + Commons,9,候補数は重複除外後の保存件数。権利合格数ではない。採否はpicks/verified/rights-wp-ledgerとBLOCKERS参照。
2026-09-28,d075,Suizo Madrid,Openverse commercial filter + Commons,8,候補数は重複除外後の保存件数。権利合格数ではない。採否はpicks/verified/rights-wp-ledgerとBLOCKERS参照。
2026-09-28,d075,bollo suizo,Openverse commercial filter + Commons,7,候補数は重複除外後の保存件数。権利合格数ではない。採否はpicks/verified/rights-wp-ledgerとBLOCKERS参照。
2026-09-28,d076,Pestiños,Openverse commercial filter + Commons,7,候補数は重複除外後の保存件数。権利合格数ではない。採否はpicks/verified/rights-wp-ledgerとBLOCKERS参照。
2026-09-28,d077,Turrón,Openverse commercial filter + Commons,9,候補数は重複除外後の保存件数。権利合格数ではない。採否はpicks/verified/rights-wp-ledgerとBLOCKERS参照。
2026-09-28,d077,Turrón Madrid,Openverse commercial filter + Commons,9,候補数は重複除外後の保存件数。権利合格数ではない。採否はpicks/verified/rights-wp-ledgerとBLOCKERS参照。
2026-09-28,d078,Mazapán,Openverse commercial filter + Commons,10,候補数は重複除外後の保存件数。権利合格数ではない。採否はpicks/verified/rights-wp-ledgerとBLOCKERS参照。
2026-09-28,d078,mazapan Toledo,Openverse commercial filter + Commons,10,候補数は重複除外後の保存件数。権利合格数ではない。採否はpicks/verified/rights-wp-ledgerとBLOCKERS参照。
2026-09-28,d079,Polvorones,Openverse commercial filter + Commons,8,候補数は重複除外後の保存件数。権利合格数ではない。採否はpicks/verified/rights-wp-ledgerとBLOCKERS参照。
2026-09-28,d079,polvoron abierto,Openverse commercial filter + Commons,0,候補数は重複除外後の保存件数。権利合格数ではない。採否はpicks/verified/rights-wp-ledgerとBLOCKERS参照。
2026-09-28,d079,polvorones Estepa,Openverse commercial filter + Commons,10,候補数は重複除外後の保存件数。権利合格数ではない。採否はpicks/verified/rights-wp-ledgerとBLOCKERS参照。
2026-09-28,d080,Caramelos de violeta,Openverse commercial filter + Commons,10,候補数は重複除外後の保存件数。権利合格数ではない。採否はpicks/verified/rights-wp-ledgerとBLOCKERS参照。
2026-09-28,d081,Chatitas,Openverse commercial filter + Commons,6,候補数は重複除外後の保存件数。権利合格数ではない。採否はpicks/verified/rights-wp-ledgerとBLOCKERS参照。
2026-09-28,d081,Chatitas Animari,Openverse commercial filter + Commons,0,候補数は重複除外後の保存件数。権利合格数ではない。採否はpicks/verified/rights-wp-ledgerとBLOCKERS参照。
2026-09-28,d081,Chatitas dulce Madrid Animari,Openverse commercial filter + Commons,0,候補数は重複除外後の保存件数。権利合格数ではない。採否はpicks/verified/rights-wp-ledgerとBLOCKERS参照。
2026-09-28,d082,Costrada de,Openverse commercial filter + Commons,1,候補数は重複除外後の保存件数。権利合格数ではない。採否はpicks/verified/rights-wp-ledgerとBLOCKERS参照。
2026-09-28,d082,Costrada de Alcalá,Openverse commercial filter + Commons,3,候補数は重複除外後の保存件数。権利合格数ではない。採否はpicks/verified/rights-wp-ledgerとBLOCKERS参照。
2026-09-28,d083,Huesos de,Openverse commercial filter + Commons,8,候補数は重複除外後の保存件数。権利合格数ではない。採否はpicks/verified/rights-wp-ledgerとBLOCKERS参照。
2026-09-28,d083,Huesos de San Expedito,Openverse commercial filter + Commons,1,候補数は重複除外後の保存件数。権利合格数ではない。採否はpicks/verified/rights-wp-ledgerとBLOCKERS参照。
2026-09-28,d084,Lhardy souffle,Openverse commercial filter + Commons,1,候補数は重複除外後の保存件数。権利合格数ではない。採否はpicks/verified/rights-wp-ledgerとBLOCKERS参照。
2026-09-28,d084,Soufflé de,Openverse commercial filter + Commons,10,候補数は重複除外後の保存件数。権利合格数ではない。採否はpicks/verified/rights-wp-ledgerとBLOCKERS参照。
2026-09-28,d085,Sardina de,Openverse commercial filter + Commons,9,候補数は重複除外後の保存件数。権利合格数ではない。採否はpicks/verified/rights-wp-ledgerとBLOCKERS参照。
2026-09-28,d085,Sardina de chocolate,Openverse commercial filter + Commons,6,候補数は重複除外後の保存件数。権利合格数ではない。採否はpicks/verified/rights-wp-ledgerとBLOCKERS参照。
2026-09-28,d085,Sardina de chocolate Madrid,Openverse commercial filter + Commons,2,候補数は重複除外後の保存件数。権利合格数ではない。採否はpicks/verified/rights-wp-ledgerとBLOCKERS参照。
2026-09-28,d085,sardina chocolate,Openverse commercial filter + Commons,7,候補数は重複除外後の保存件数。権利合格数ではない。採否はpicks/verified/rights-wp-ledgerとBLOCKERS参照。
2026-09-28,d085,sardina chocolate Madrid,Openverse commercial filter + Commons,2,候補数は重複除外後の保存件数。権利合格数ではない。採否はpicks/verified/rights-wp-ledgerとBLOCKERS参照。
2026-09-28,d085,sardina chocolate carnaval Madrid,Openverse commercial filter + Commons,2,候補数は重複除外後の保存件数。権利合格数ではない。採否はpicks/verified/rights-wp-ledgerとBLOCKERS参照。
2026-09-28,d086,Aceitunas de,Openverse commercial filter + Commons,10,候補数は重複除外後の保存件数。権利合格数ではない。採否はpicks/verified/rights-wp-ledgerとBLOCKERS参照。
2026-09-28,d086,Aceitunas de Campo Real,Openverse commercial filter + Commons,1,候補数は重複除外後の保存件数。権利合格数ではない。採否はpicks/verified/rights-wp-ledgerとBLOCKERS参照。
2026-09-28,d086,aceitunas Campo,Openverse commercial filter + Commons,9,候補数は重複除外後の保存件数。権利合格数ではない。採否はpicks/verified/rights-wp-ledgerとBLOCKERS参照。
2026-09-28,d087,Queso de,Openverse commercial filter + Commons,10,候補数は重複除外後の保存件数。権利合格数ではない。採否はpicks/verified/rights-wp-ledgerとBLOCKERS参照。
2026-09-28,d087,Queso de Campo Real,Openverse commercial filter + Commons,5,候補数は重複除外後の保存件数。権利合格数ではない。採否はpicks/verified/rights-wp-ledgerとBLOCKERS参照。
2026-09-28,d087,Queso de Campo Real Madrid,Openverse commercial filter + Commons,1,候補数は重複除外後の保存件数。権利合格数ではない。採否はpicks/verified/rights-wp-ledgerとBLOCKERS参照。
2026-09-28,d087,queso Campo,Openverse commercial filter + Commons,5,候補数は重複除外後の保存件数。権利合格数ではない。採否はpicks/verified/rights-wp-ledgerとBLOCKERS参照。
2026-09-28,d088,Fresas y,Openverse commercial filter + Commons,9,候補数は重複除外後の保存件数。権利合格数ではない。採否はpicks/verified/rights-wp-ledgerとBLOCKERS参照。
2026-09-28,d088,fresas Aranjuez,Openverse commercial filter + Commons,10,候補数は重複除外後の保存件数。権利合格数ではない。採否はpicks/verified/rights-wp-ledgerとBLOCKERS参照。
2026-09-28,d088,freson Aranjuez fruta,Openverse commercial filter + Commons,0,候補数は重複除外後の保存件数。権利合格数ではない。採否はpicks/verified/rights-wp-ledgerとBLOCKERS参照。
2026-09-28,d089,Espárragos de,Openverse commercial filter + Commons,10,候補数は重複除外後の保存件数。権利合格数ではない。採否はpicks/verified/rights-wp-ledgerとBLOCKERS参照。
2026-09-28,d089,Espárragos de Aranjuez,Openverse commercial filter + Commons,1,候補数は重複除外後の保存件数。権利合格数ではない。採否はpicks/verified/rights-wp-ledgerとBLOCKERS参照。
2026-09-28,d089,esparrago verde,Openverse commercial filter + Commons,14,候補数は重複除外後の保存件数。権利合格数ではない。採否はpicks/verified/rights-wp-ledgerとBLOCKERS参照。
2026-09-28,d089,esparragos Aranjuez,Openverse commercial filter + Commons,0,候補数は重複除外後の保存件数。権利合格数ではない。採否はpicks/verified/rights-wp-ledgerとBLOCKERS参照。
2026-09-28,d090,Aceite de,Openverse commercial filter + Commons,7,候補数は重複除外後の保存件数。権利合格数ではない。採否はpicks/verified/rights-wp-ledgerとBLOCKERS参照。
2026-09-28,d090,Aceite de Madrid DOP,Openverse commercial filter + Commons,2,候補数は重複除外後の保存件数。権利合格数ではない。採否はpicks/verified/rights-wp-ledgerとBLOCKERS参照。
2026-09-28,d090,aceite Madrid,Openverse commercial filter + Commons,8,候補数は重複除外後の保存件数。権利合格数ではない。採否はpicks/verified/rights-wp-ledgerとBLOCKERS参照。
2026-09-28,d090,aceite oliva,Openverse commercial filter + Commons,7,候補数は重複除外後の保存件数。権利合格数ではない。採否はpicks/verified/rights-wp-ledgerとBLOCKERS参照。
2026-09-28,d090,aceite oliva Madrid botella,Openverse commercial filter + Commons,4,候補数は重複除外後の保存件数。権利合格数ではない。採否はpicks/verified/rights-wp-ledgerとBLOCKERS参照。
2026-09-28,d091,Miel de la Comunidad de Madrid,Openverse commercial filter + Commons,10,候補数は重複除外後の保存件数。権利合格数ではない。採否はpicks/verified/rights-wp-ledgerとBLOCKERS参照。
2026-09-28,d091,miel Antonio,Openverse commercial filter + Commons,14,候補数は重複除外後の保存件数。権利合格数ではない。採否はpicks/verified/rights-wp-ledgerとBLOCKERS参照。
2026-09-28,d091,miel Madrid,Openverse commercial filter + Commons,4,候補数は重複除外後の保存件数。権利合格数ではない。採否はpicks/verified/rights-wp-ledgerとBLOCKERS参照。
2026-09-28,d092,Chocolate a,Openverse commercial filter + Commons,10,候補数は重複除外後の保存件数。権利合格数ではない。採否はpicks/verified/rights-wp-ledgerとBLOCKERS参照。
2026-09-28,d092,Chocolate a la taza,Openverse commercial filter + Commons,8,候補数は重複除外後の保存件数。権利合格数ではない。採否はpicks/verified/rights-wp-ledgerとBLOCKERS参照。
2026-09-28,d092,Chocolate a la taza Madrid,Openverse commercial filter + Commons,1,候補数は重複除外後の保存件数。権利合格数ではない。採否はpicks/verified/rights-wp-ledgerとBLOCKERS参照。
2026-09-28,d093,Leche merengada,Openverse commercial filter + Commons,11,候補数は重複除外後の保存件数。権利合格数ではない。採否はpicks/verified/rights-wp-ledgerとBLOCKERS参照。
2026-09-28,d094,Casa Mingo,Openverse commercial filter + Commons,7,候補数は重複除外後の保存件数。権利合格数ではない。採否はpicks/verified/rights-wp-ledgerとBLOCKERS参照。
2026-09-28,d094,Casa Mingo sidra,Openverse commercial filter + Commons,4,候補数は重複除外後の保存件数。権利合格数ではない。採否はpicks/verified/rights-wp-ledgerとBLOCKERS参照。
2026-09-28,d094,Sidra de,Openverse commercial filter + Commons,9,候補数は重複除外後の保存件数。権利合格数ではない。採否はpicks/verified/rights-wp-ledgerとBLOCKERS参照。
2026-09-28,d094,Sidra de Casa Mingo,Openverse commercial filter + Commons,3,候補数は重複除外後の保存件数。権利合格数ではない。採否はpicks/verified/rights-wp-ledgerとBLOCKERS参照。
2026-09-28,d095,Vermut de,Openverse commercial filter + Commons,6,候補数は重複除外後の保存件数。権利合格数ではない。採否はpicks/verified/rights-wp-ledgerとBLOCKERS参照。
2026-09-28,d095,Vermut de grifo,Openverse commercial filter + Commons,2,候補数は重複除外後の保存件数。権利合格数ではない。採否はpicks/verified/rights-wp-ledgerとBLOCKERS参照。
2026-09-28,d096,Limonada de,Openverse commercial filter + Commons,10,候補数は重複除外後の保存件数。権利合格数ではない。採否はpicks/verified/rights-wp-ledgerとBLOCKERS参照。
2026-09-28,d096,limonada San,Openverse commercial filter + Commons,9,候補数は重複除外後の保存件数。権利合格数ではない。採否はpicks/verified/rights-wp-ledgerとBLOCKERS参照。
2026-09-28,d097,Casa Camacho,Openverse commercial filter + Commons,9,候補数は重複除外後の保存件数。権利合格数ではない。採否はpicks/verified/rights-wp-ledgerとBLOCKERS参照。
2026-09-28,d097,Yayo,Openverse commercial filter + Commons,8,候補数は重複除外後の保存件数。権利合格数ではない。採否はpicks/verified/rights-wp-ledgerとBLOCKERS参照。
2026-09-28,d097,Yayo Madrid,Openverse commercial filter + Commons,8,候補数は重複除外後の保存件数。権利合格数ではない。採否はpicks/verified/rights-wp-ledgerとBLOCKERS参照。
2026-09-28,d097,yayo Casa,Openverse commercial filter + Commons,7,候補数は重複除外後の保存件数。権利合格数ではない。採否はpicks/verified/rights-wp-ledgerとBLOCKERS参照。
2026-09-28,d098,Vinos Madrid,Openverse commercial filter + Commons,7,候補数は重複除外後の保存件数。権利合格数ではない。採否はpicks/verified/rights-wp-ledgerとBLOCKERS参照。
2026-09-28,d098,Vinos Madrid botella,Openverse commercial filter + Commons,13,候補数は重複除外後の保存件数。権利合格数ではない。採否はpicks/verified/rights-wp-ledgerとBLOCKERS参照。
2026-09-28,d098,Vinos de Madrid DO,Openverse commercial filter + Commons,10,候補数は重複除外後の保存件数。権利合格数ではない。採否はpicks/verified/rights-wp-ledgerとBLOCKERS参照。
2026-09-28,d099,Anís de,Openverse commercial filter + Commons,7,候補数は重複除外後の保存件数。権利合格数ではない。採否はpicks/verified/rights-wp-ledgerとBLOCKERS参照。
2026-09-28,d099,Anís de Chinchón,Openverse commercial filter + Commons,5,候補数は重複除外後の保存件数。権利合格数ではない。採否はpicks/verified/rights-wp-ledgerとBLOCKERS参照。
2026-09-28,d100,Canibal cerveza Madrid,Openverse commercial filter + Commons,6,候補数は重複除外後の保存件数。権利合格数ではない。採否はpicks/verified/rights-wp-ledgerとBLOCKERS参照。
2026-09-28,d100,Cerveza elaborada,Openverse commercial filter + Commons,10,候補数は重複除外後の保存件数。権利合格数ではない。採否はpicks/verified/rights-wp-ledgerとBLOCKERS参照。
2026-09-28,d100,Cerveza elaborada en Madrid,Openverse commercial filter + Commons,1,候補数は重複除外後の保存件数。権利合格数ではない。採否はpicks/verified/rights-wp-ledgerとBLOCKERS参照。
2026-09-28,s:d1-0900,Palacio Real de Madrid Madrid,Openverse commercial filter + Commons,6,候補数は重複除外後の保存件数。権利合格数ではない。採否はpicks/verified/rights-wp-ledgerとBLOCKERS参照。
2026-09-28,s:d1-1600,La Latina,Openverse commercial filter + Commons,6,候補数は重複除外後の保存件数。権利合格数ではない。採否はpicks/verified/rights-wp-ledgerとBLOCKERS参照。
2026-09-28,s:d1-1600,La Latina / Cava Baja Madrid,Openverse commercial filter + Commons,2,候補数は重複除外後の保存件数。権利合格数ではない。採否はpicks/verified/rights-wp-ledgerとBLOCKERS参照。
2026-09-28,s:d1-2000,Plaza Mayor Madrid,Openverse commercial filter + Commons,6,候補数は重複除外後の保存件数。権利合格数ではない。採否はpicks/verified/rights-wp-ledgerとBLOCKERS参照。
2026-09-28,s:d2-0900,Barrio de Las Letras Madrid,Openverse commercial filter + Commons,6,候補数は重複除外後の保存件数。権利合格数ではない。採否はpicks/verified/rights-wp-ledgerとBLOCKERS参照。
2026-09-28,s:d2-1200,Convento de,Openverse commercial filter + Commons,6,候補数は重複除外後の保存件数。権利合格数ではない。採否はpicks/verified/rights-wp-ledgerとBLOCKERS参照。
2026-09-28,s:d2-1200,Convento de las Carboneras Madrid,Openverse commercial filter + Commons,5,候補数は重複除外後の保存件数。権利合格数ではない。採否はpicks/verified/rights-wp-ledgerとBLOCKERS参照。
2026-09-28,s:d2-1600,Mercado de la Paz Madrid,Openverse commercial filter + Commons,6,候補数は重複除外後の保存件数。権利合格数ではない。採否はpicks/verified/rights-wp-ledgerとBLOCKERS参照。
2026-09-28,s:d2-2000,Mercado de San Miguel Madrid,Openverse commercial filter + Commons,6,候補数は重複除外後の保存件数。権利合格数ではない。採否はpicks/verified/rights-wp-ledgerとBLOCKERS参照。
2026-09-28,s:d3-0900,Ermita de San Antonio de la Florida Madrid,Openverse commercial filter + Commons,6,候補数は重複除外後の保存件数。権利合格数ではない。採否はpicks/verified/rights-wp-ledgerとBLOCKERS参照。
2026-09-28,s:d3-1200,El Rastro Madrid,Openverse commercial filter + Commons,6,候補数は重複除外後の保存件数。権利合格数ではない。採否はpicks/verified/rights-wp-ledgerとBLOCKERS参照。
2026-09-28,s:d3-1600,Mercado de San Antón Madrid,Openverse commercial filter + Commons,6,候補数は重複除外後の保存件数。権利合格数ではない。採否はpicks/verified/rights-wp-ledgerとBLOCKERS参照。
2026-09-28,s:d3-2000,San Lorenzo de El Escorial Madrid,Openverse commercial filter + Commons,6,候補数は重複除外後の保存件数。権利合格数ではない。採否はpicks/verified/rights-wp-ledgerとBLOCKERS参照。
2026-09-28,s:d4-0900,Mercado de,Openverse commercial filter + Commons,5,候補数は重複除外後の保存件数。権利合格数ではない。採否はpicks/verified/rights-wp-ledgerとBLOCKERS参照。
2026-09-28,s:d4-0900,Mercado de Antón Martín Madrid,Openverse commercial filter + Commons,5,候補数は重複除外後の保存件数。権利合格数ではない。採否はpicks/verified/rights-wp-ledgerとBLOCKERS参照。
2026-09-28,s:d4-1200,Museo Reina Sofía Madrid,Openverse commercial filter + Commons,6,候補数は重複除外後の保存件数。権利合格数ではない。採否はpicks/verified/rights-wp-ledgerとBLOCKERS参照。
2026-09-28,s:d4-1600,Museo Nacional del Prado Madrid,Openverse commercial filter + Commons,6,候補数は重複除外後の保存件数。権利合格数ではない。採否はpicks/verified/rights-wp-ledgerとBLOCKERS参照。
2026-09-28,s:d4-2000,Museo Nacional,Openverse commercial filter + Commons,5,候補数は重複除外後の保存件数。権利合格数ではない。採否はpicks/verified/rights-wp-ledgerとBLOCKERS参照。
2026-09-28,s:d4-2000,Museo Nacional Thyssen-Bornemisza Madrid,Openverse commercial filter + Commons,4,候補数は重複除外後の保存件数。権利合格数ではない。採否はpicks/verified/rights-wp-ledgerとBLOCKERS参照。
2026-09-28,s:d5-0900,Parque de El Retiro Madrid,Openverse commercial filter + Commons,6,候補数は重複除外後の保存件数。権利合格数ではない。採否はpicks/verified/rights-wp-ledgerとBLOCKERS参照。
2026-09-28,s:d5-1200,Madrid Río Madrid,Openverse commercial filter + Commons,6,候補数は重複除外後の保存件数。権利合格数ではない。採否はpicks/verified/rights-wp-ledgerとBLOCKERS参照。
2026-09-28,s:d5-1600,Catedral de la Almudena Madrid,Openverse commercial filter + Commons,6,候補数は重複除外後の保存件数。権利合格数ではない。採否はpicks/verified/rights-wp-ledgerとBLOCKERS参照。
2026-09-28,s:d5-2000,Jardines del Campo del Moro Madrid,Openverse commercial filter + Commons,6,候補数は重複除外後の保存件数。権利合格数ではない。採否はpicks/verified/rights-wp-ledgerとBLOCKERS参照。
2026-09-28,s:d6-0900,Gran Vía Madrid,Openverse commercial filter + Commons,6,候補数は重複除外後の保存件数。権利合格数ではない。採否はpicks/verified/rights-wp-ledgerとBLOCKERS参照。
2026-09-28,s:d6-1200,Galería de,Openverse commercial filter + Commons,4,候補数は重複除外後の保存件数。権利合格数ではない。採否はpicks/verified/rights-wp-ledgerとBLOCKERS参照。
2026-09-28,s:d6-1200,Galería de las Colecciones Reales Madrid,Openverse commercial filter + Commons,5,候補数は重複除外後の保存件数。権利合格数ではない。採否はpicks/verified/rights-wp-ledgerとBLOCKERS参照。
2026-09-28,s:d6-1600,Alcalá de,Openverse commercial filter + Commons,1,候補数は重複除外後の保存件数。権利合格数ではない。採否はpicks/verified/rights-wp-ledgerとBLOCKERS参照。
2026-09-28,s:d6-1600,Alcalá de Henares Madrid,Openverse commercial filter + Commons,5,候補数は重複除外後の保存件数。権利合格数ではない。採否はpicks/verified/rights-wp-ledgerとBLOCKERS参照。
2026-09-28,s:d6-2000,Puerta de Alcalá Madrid,Openverse commercial filter + Commons,6,候補数は重複除外後の保存件数。権利合格数ではない。採否はpicks/verified/rights-wp-ledgerとBLOCKERS参照。
2026-09-28,s:d7-0900,Aranjuez Madrid,Openverse commercial filter + Commons,5,候補数は重複除外後の保存件数。権利合格数ではない。採否はpicks/verified/rights-wp-ledgerとBLOCKERS参照。
2026-09-28,s:d7-1600,Palacio de Cibeles / CentroCentro Madrid,Openverse commercial filter + Commons,6,候補数は重複除外後の保存件数。権利合格数ではない。採否はpicks/verified/rights-wp-ledgerとBLOCKERS参照。
2026-09-28,s:d7-2000,Chinchón Madrid,Openverse commercial filter + Commons,5,候補数は重複除外後の保存件数。権利合格数ではない。採否はpicks/verified/rights-wp-ledgerとBLOCKERS参照。
