id,jp,es,relation,priority,body,shop,season,source_urls,usable_photo_ids,photo_gap,update,caution
M001,コシード・マドリレーニョ,Cocido madrileño,地域の伝統・産品／発祥の断定ではない,4,ひよこ豆、肉、野菜を煮込み、汁と具を分けて楽しむマドリードの代表料理。スープから豆、野菜、肉へと皿が進むが、「必ず3皿」ではない。La Bolaは個別の土鍋と炭火を使う2段階の提供、La Claveはコロッケから始まる4段階の例を紹介している。食材だけでなく、一つの鍋をどう食卓に運ぶかにも店の違いがある。滞在中の昼食を一度この料理に充て、提供日と予約条件を料理名付きで確かめておきたい。,La Bola／Lhardy／Los Galayos,通年扱い・営業日は別途確認,"https://www.esmadrid.com/cocidos-madrid-receta-la-clave
https://lhardy.com/carta/
https://www.losgalayos.net/documentos/carta_es-en.pdf
https://labola.es/en","P001, P003",対象写真候補あり（現行店・現地性は別確認）,店ごとの提供段階を区別。La Bolaの2段階とLa Claveの4段階を例示し、3皿固定をやめる。,価格の差は同一内容・同一コースの比較ではない。起源を一系統に断定しない。
M002,カジョス・ア・ラ・マドリレーニャ,Callos a la madrileña,地域の伝統・産品／発祥の断定ではない,15,牛の胃などを煮込むカジョスは、内臓料理が好きなら外せない一皿。部位の構成は店ごとに違い、Los Galayosのメニューには胃だけでなく足と鼻先も挙がる。「牛の胃袋だけの煮込み」と決めつけず、チョリソーなど一緒に使う具も見てみよう。コシードと同じ煮込みでも、豆を中心とする料理ではなく、内臓の部位を味わう料理として区別できる。,Casa Alberto／Casa Enriqueta／Los Galayos,通年扱い・営業日は別途確認,"https://www.casaalberto.es/carta-restaurante-en?idIdioma=2
https://gallinejasenriqueta.es/nuestra-carta-la-carta
https://www.losgalayos.net/documentos/carta_es-en.pdf",P002,対象写真候補あり（現行店・現地性は別確認）,,チョリソーや香辛料の配合は店別に確認。
M003,ガリネハスとエントレシホス,Gallinejas y entresijos,地域の伝統・産品／発祥の断定ではない,16,ガリネハスとエントレシホスは、どちらも羊の内臓を使うが同じ部位ではない。前者は腸、後者は腸間膜を揚げるもの。祭礼の食と結び付いた、マドリードの内臓料理を知る入口になる。両方を食べ比べるなら注文時に部位を確認したい。同じ揚げ物でも、皿に盛られた形と部位を見比べると違いが分かりやすい。,Casa Enriqueta,通年扱い・営業日は別途確認,"https://gallinejasenriqueta.es/nuestra-carta-la-carta
https://blog.esmadrid.com/blog/es/2025/11/13/gallinejas-y-entresijos-el-madrid-castizo/
https://gallinejasenriqueta.es/san-isidro",P019,一部のみ：エントレシホスあり、ガリネハス単独の対象写真は未確保,羊の腸と腸間膜を区別。既存P019はエントレシホスの写真で、2部位が両方写っているとは扱わない。,写真P019はエントレシホスのみ。ガリネハスの写真も追加する。
M004,カヌートス,Canutos,地域の伝統・産品／発祥の断定ではない,17,カヌートスは、Casa Enriquetaが羊の太い腸を使う揚げ物として説明している一品。ガリネハス、エントレシホスと並ぶと、見慣れない名前の連続に感じるかもしれないが、鍵は部位の違いにある。この店の説明を手がかりに、腸の太さや形を比べると分かりやすい。名称だけから一般的な肉巻き料理などを想像せず、店で使う部位を確かめよう。,Casa Enriqueta,通年扱い・営業日は別途確認,"https://gallinejasenriqueta.es/nuestra-carta-la-carta
https://gallinejasenriqueta.es/san-isidro",,対象写真未確保,カヌートスの部位説明はS03の店固有説明に帰属させる。一般料理名の定義を広げない。,他店の同名料理まで同じ部位と一般化しない。
M005,羊のモジェハス,Mollejas de cordero,全国・他地方由来／首都で食べる一品,,羊のモジェハスは、Casa Enriquetaではニンニクを合わせた鉄板料理として掲載されている。mollejasという語は動物によって指す部位が違うため、鶏の砂肝と同じものだと思って注文しないこと。羊の食用腺を用いる料理として、腸や耳の料理とは分けて選びたい。,Casa Enriqueta,通年扱い・営業日は別途確認,https://gallinejasenriqueta.es/nuestra-carta-la-carta,,対象写真未確保,,胸腺などの厳密な解剖学的同定は仕入れにより確認。
M006,サラホス,Zarajos,全国・他地方由来／首都で食べる一品,,サラホスは、羊の腸を棒に巻いた姿が特徴的な料理。Casa Enriquetaの説明では、燻したものを揚げる形で紹介されている。棒に巻く成形と最後の加熱は別の工程なので、売り場に並ぶ成形品の写真だけを見て完成皿とは判断できない。食べる際は、その店の仕上げ方にも注目したい。,Casa Enriqueta,通年扱い・営業日は別途確認,https://gallinejasenriqueta.es/nuestra-carta-la-carta,P051,対象写真候補あり（現行店・現地性は別確認）,,クエンカとの関係・発祥史は追加の郷土資料で確認。
M007,豚耳の鉄板焼き,Oreja a la plancha,マドリードで定番・店の名物,18,豚耳を鉄板で焼く、酒場の内臓料理。羊の腸を使う揚げ物とは材料も調理法も違い、同じ内臓料理の章でも食べ方の幅が見える。Casa EnriquetaやEl Escarpínのメニューが注文先を探す手がかりになる。料理名はoreja a la plancha。豚耳の料理でも、煮込みやソース付きではなく鉄板焼きを選ぶときの目印になる。,Casa Enriqueta／El Escarpín,通年扱い・営業日は別途確認,"https://gallinejasenriqueta.es/nuestra-carta-la-carta
https://elescarpinsidreria.com/
https://www.esmadrid.com/de/madrider-gastronomie",P038,対象写真候補あり（現行店・現地性は別確認）,,下ゆで、味付け、ソースは店ごとのレシピ確認が必要。
M008,ペピート・デ・テルネラ,Pepito de ternera,マドリードで定番・店の名物,,ペピート・デ・テルネラは牛肉をパンに挟むサンドイッチ。マドリードのサンドをイカフライだけで終わらせず、肉の一品も比べたいときの候補だ。パンの種類や肉の仕上げ、付け合わせは店による。昔の店紹介に載っている場合は、現在も同じ商品を扱うかを確かめてから訪れよう。,市観光局の専門記事に掲載される店を再確認,通年扱い・営業日は別途確認,https://blog.esmadrid.com/blog/es/2021/05/25/pepitos-de-ternera/,P037,対象写真候補あり（現行店・現地性は別確認）,,Fornosにまつわる命名譚は伝承と史料を区別。
M009,マドリード風カタツムリ煮込み,Caracoles a la madrileña,マドリードで定番・店の名物,19,殻付きのカタツムリを煮込む料理で、Casa Albertoなどのメニューにも登場する。「カタツムリ料理はフランスだけ」というイメージを変える、マドリードの酒場料理の一つだ。ニンニクバターで焼く料理と同じものではない。現地のメニューでcaracolesを探し、辛さやソースの内容は店で確認しよう。,Casa Alberto,通年扱い・営業日は別途確認,"https://www.casaalberto.es/carta-restaurante-en?idIdioma=2
https://www.esmadrid.com/de/madrider-gastronomie",P013,対象写真候補あり（現行店・現地性は別確認）,,使う種や具体的なスパイスは店別確認。
M010,ガジーナ・エン・ペピトリア,Gallina en pepitoria,地域の伝統・産品／発祥の断定ではない,20,ペピトリアは鶏を煮込むソースの料理。マドリードの料理専門団体がまとめたレシピでは、アーモンドや卵黄などがソースの組立てに関わる。黄色い色だけでカレーに似た料理と考えるより、ナッツと卵をどう使うかに注目したい。Casa Ciriacoのメニューにもある一方、料理の系譜はカスティーリャに広がるもので、マドリードで発明された鶏料理と断定はできない。,Casa Ciriaco／Casa Alberto,通年扱い・営業日は別途確認,"https://www.casaciriaco.es/carta-restaurante
https://www.casaalberto.es/carta-restaurante-en?idIdioma=2
https://www.esmadrid.com/sites/default/files/historia_culinaria_de_madrid.pdf",P010,対象写真候補あり（現行店・現地性は別確認）,卵黄・アーモンド等を使うソースまで補強。マドリード限定の発明とはせず、カスティーリャの料理の系譜として紹介。,一般論でアーモンド・卵黄などを列挙する前に採用店の配合を確認。
M011,イカフライのボカディージョ,Bocadillo de calamares,マドリードで定番・店の名物,1,揚げたイカをパンに挟むボカディージョ。内陸の首都を代表する軽食として、市の観光案内にも登場する。マヨール広場周辺の散策と組み合わせると、最初の一食を決めやすい。ソースを使う店もあり、すべてを同じ味付けと考えないこと。パンに挟むイカの量や衣の形、ソースの有無も店ごとの違いになる。,Tablafinaの料理人提供レシピ／市内の専門店,通年扱い・営業日は別途確認,"https://www.esmadrid.com/bocadillo-calamares-receta-tablafina-madrid
https://www.esmadrid.com/informacion-turistica/plaza-mayor-madrid",P012,対象写真候補あり（現行店・現地性は別確認）,,『なぜ内陸で普及したか』の歴史は別に確認し、輸送史を創作しない。
M012,タラの衣揚げ／ソルダディートス,Bacalao rebozado / Soldaditos de Pavía,マドリードで定番・店の名物,5,タラに衣を付けて揚げる料理。市の料理案内にはSoldaditos de Pavíaも登場するが、タラの衣揚げ全般を必ず同じ名称・形として扱わない方がよい。ソル近くのCasa Labraはタラの衣揚げとタラのクロケタを探せる店の一つ。揚げ物を二つ並べるなら、魚の身を衣で包むものと、中身をまとめて成形するクロケタの違いに注目したい。,Casa Alberto／市観光局のEl Palentinoレシピ,通年扱い・営業日は別途確認,"https://www.casaalberto.es/carta-restaurante-en?idIdioma=2
https://www.esmadrid.com/recetas-madrid
https://www.esmadrid.com/de/madrider-gastronomie
https://www.esmadrid.com/gastronomia-madrid
https://www.esmadrid.com/restaurantes/casa-labra",P005,対象写真候補あり（現行店・現地性は別確認）,,全てのタラの衣揚げをソルダディートスと断定しない。
M013,ベスーゴのマドリード風,Besugo a la madrileña,地域の伝統・産品／発祥の断定ではない,21,ベスーゴをマドリード風に仕上げる伝統的な魚料理。市の郷土料理案内にも載っており、イカサンドや塩ダラ以外にも魚料理を探したい人の候補になる。魚名はbesugoのまま添えて、別の白身魚で代用した皿と区別したい。現在の提供店と予約条件は個別確認が必要で、どの老舗でも通年食べられるとは考えない方がよい。,市観光局の郷土料理資料,通年扱い・営業日は別途確認,https://www.esmadrid.com/de/madrider-gastronomie,,対象写真未確保,,日本のマダイとの安易な同一視を避ける。現行店・レシピ・写真を追加確認。
M014,ラルディのコンソメ,Consomé de Lhardy,マドリードで定番・店の名物,22,老舗Lhardyを紹介するなら、コンソメも一つの入口になる。店の公式サイトで販売が紹介されている一杯で、大きな肉料理とは違う選び方ができる。Lhardyには食事のメニューと販売商品があるため、レストランでの注文と持ち帰り商品を混同しないようにしたい。訪問時は、希望する形で飲めるかを確認しよう。,Lhardy・Carrera de San Jerónimo店など,通年扱い・営業日は別途確認,"https://lhardy.com/
https://lhardy.com/carta/",,対象写真未確保,,取材なしに飲み方・器・自由サービスの現在形を断定しない。
M015,ウエボス・ロトス,Huevos rotos,マドリードで定番・店の名物,14,ジャガイモに卵を合わせ、崩して食べるウエボス・ロトス。ハムを載せる例もあり、卵を崩す前後で皿の見え方が変わる料理だ。El Escarpínなどのメニューが注文先の候補になる。料理名だけでは追加具材まで分からないので、ハム入りか別の具が付くかを読むとよい。トルティージャとは卵とジャガイモのまとめ方が違う。,El Escarpín,通年扱い・営業日は別途確認,"https://elescarpinsidreria.com/
https://www.esmadrid.com/barrios-de-madrid/latina",P011,対象写真候補あり（現行店・現地性は別確認）,,ハム入りなどのトッピングは別の品数に数えない。
M016,牛尾の煮込み,Rabo de toro / rabo de ternera,全国・他地方由来／首都で食べる一品,23,牛の尾を煮込む料理で、Casa Alberto、Casa Ciriaco、Los Galayosなどのメニューに関連する一品がある。rabo de toroという名前だけで、使う肉が闘牛由来だと断定しないこと。店によってrabo de terneraなど表記も異なる。カジョスの胃、カリジェーラの頬と並べて、牛のどの部位を食べるのかを比べると分かりやすい。,Casa Alberto／Casa Ciriaco／Los Galayos,通年扱い・営業日は別途確認,"https://www.casaalberto.es/carta-restaurante-en?idIdioma=2
https://www.casaciriaco.es/carta-restaurante
https://www.losgalayos.net/documentos/carta_es-en.pdf",,対象写真未確保,,rabo de toroという一般名称から肉の由来を断定しない。
M017,カリジャーダ（頬肉の煮込み）,Carrillada / carrilleras,全国・他地方由来／首都で食べる一品,,頬肉を使う煮込み。メニューではcarrilladaやcarrillerasという語が目印になる。尾肉の煮込みと似た色の皿でも、使う部位は別だ。Casa Albertoのメニューなどを手がかりに、牛か豚か、どのソースを合わせるかまで確かめて選びたい。,Casa Alberto,通年扱い・営業日は別途確認,https://www.casaalberto.es/carta-restaurante-en?idIdioma=2,,対象写真未確保,,牛・豚の別やソースは採用メニューで確認。
M018,アルボンディガス,Albóndigas,全国・他地方由来／首都で食べる一品,,アルボンディガスはソースを合わせる肉団子料理。Casa AlbertoやCasa Ciriacoのような店でも探せる、家庭料理と外食をつなぐ一皿だ。使うひき肉の種類や配合は店ごとに違う。珍しい部位の料理ばかりを並べず、こうした親しみやすい料理を一つ入れると食事を組みやすい。,Casa Alberto／Casa Ciriaco,通年扱い・営業日は別途確認,"https://www.casaalberto.es/carta-restaurante-en?idIdioma=2
https://www.casaciriaco.es/carta-restaurante",,対象写真未確保,,Los GalayosのBBQソース版を伝統的な全店共通レシピとはしない。
M019,ニンニクスープ,Sopa de ajo / sopa castellana,全国・他地方由来／首都で食べる一品,,ニンニク、パン、卵などを使う温かいスープ。市のレシピにはBotínの例があり、Los Galayosのメニューにはチンチョンのニンニクを使う説明もある。パンを添えるだけでなく、料理の中へ戻す食べ方に注目したい。スープ・カステジャーナという名前で見かける場合もある。,Botínのレシピ／Los Galayos,通年扱い・営業日は別途確認,"https://www.esmadrid.com/sopas-madrid-receta-casa-botin
https://www.losgalayos.net/documentos/carta_es-en.pdf",,対象写真未確保,,S33の一例はハム・燻製チョリソー・卵・パン・パプリカ・ニンニク。
M020,ポタヘ・デ・ビヒリア,Potaje de vigilia,全国・他地方由来／首都で食べる一品,24,ひよこ豆、ホウレンソウ、タラなどを合わせるポタヘ・デ・ビヒリアは、肉を控える時期の食文化とつながる煮込み。肉を多く使うコシードと並べると、同じ豆でも別の料理になることが分かる。魚を含むので、菜食料理という意味での「精進料理」ではない。聖週間などの時期に探す際も、提供日とその店の具材を確認したい。,市観光局の料理人レシピ一覧,四旬節・聖週間との関係を紹介,"https://www.esmadrid.com/recetas-madrid
https://www.esmadrid.com/de/madrider-gastronomie",,対象写真未確保,「精進料理」を削除。タラを含むためベジタリアン食と誤案内しない。,個別レシピ本文と季節営業の追加確認が必要。
M021,パタタス・ブラバス,Patatas bravas,マドリードで定番・店の名物,7,ジャガイモにブラバソースを合わせる酒場の一皿。単純に見える分、ジャガイモの切り方、ソースのかけ方、辛さの違いを見つけやすい。赤いソースだからケチャップ味、という説明は避けたい。トルティージャと合わせれば、同じジャガイモを使った二つの食べ方を少量ずつ比べられる。皿の大きさはメニューで確認しよう。,Casa Enriqueta／El Escarpín／La Tajadaレシピ,通年扱い・営業日は別途確認,"https://gallinejasenriqueta.es/nuestra-carta-la-carta
https://elescarpinsidreria.com/
https://www.esmadrid.com/recetas-madrid
https://www.esmadrid.com/gastronomia-madrid",P052,対象写真候補あり（現行店・現地性は別確認）,撮影地に矛盾のあったP031を保留のまま残し、別原典のP052を追加。現店の料理写真とはしない。,P031は撮影地が矛盾するため採用保留。新しい現地写真が必要。
M022,クロケタ,Croquetas,全国・他地方由来／首都で食べる一品,9,ハムや煮込みの具などを使う、小さなクロケタ。Casa Alberto、Lhardy、Casa Enriquetaなどでは、それぞれの具材の版を探せる。見た目が似ていても中身は同じではないので、jamón、cocido、bacalaoといった具材名を読むのが選び方の近道。肉の煮込みを食べた後なら、魚を使うものを選ぶという組合せもできる。,Casa Alberto／Lhardy／Casa Enriqueta,通年扱い・営業日は別途確認,"https://www.casaalberto.es/carta-restaurante-en?idIdioma=2
https://lhardy.com/carta/
https://gallinejasenriqueta.es/nuestra-carta-la-carta
https://www.esmadrid.com/gastronomia-madrid",P027,対象写真候補あり（現行店・現地性は別確認）,,P027はハム入り。コシード入りと表示しない。
M023,ジャガイモのトルティージャ,Tortilla de patatas,全国・他地方由来／首都で食べる一品,8,卵とジャガイモを主体にしたトルティージャ。全国的な料理だが、マドリードでも酒場や販売店で出会える定番だ。玉ねぎ入りかどうか、切り分け売りか一枚なのかで注文の仕方が変わる。大きな煮込みの前に軽く試すなら、一切れで頼めるかを確かめるとよい。マドリードで食べる定番と、マドリード発祥の料理は分けて考えたい。,Casa Enriqueta／El Escarpín／La Mallorquina,通年扱い・営業日は別途確認,"https://gallinejasenriqueta.es/nuestra-carta-la-carta
https://elescarpinsidreria.com/
https://pastelerialamallorquina.es/salados/
https://www.esmadrid.com/gastronomia-madrid
https://www.esmadrid.com/recetas-madrid",,対象写真未確保,,焼き加減や玉ねぎ論争を店全体に一般化しない。
M024,ガンバス・アル・アヒージョ,Gambas al ajillo,マドリードで定番・店の名物,10,エビをニンニクと油で調理するガンバス・アル・アヒージョ。La Casa del AbueloやCasa Albertoのような店を探す手がかりになる。料理そのものだけでなく、器やニンニクの使い方を見ると紹介が具体的になる。ただし、店が出すワインまでマドリード産とは限らない。地元産の飲み物も選びたい場合は、料理と別に産地表示を読もう。,Casa del Abuelo／Casa Alberto,通年扱い・営業日は別途確認,"https://www.lacasadelabuelo.es/
https://www.casaalberto.es/carta-restaurante-en?idIdioma=2
https://www.esmadrid.com/gastronomia-madrid",P029,対象写真候補あり（現行店・現地性は別確認）,,P029は低解像度かつ店名不明。主役用の新しい写真が望ましい。
M025,マッシュルームのアヒージョ,Champiñones al ajillo,マドリードで定番・店の名物,11,マッシュルームをニンニク風味に仕上げる料理。肉や内臓料理が続く食事の間に、キノコの皿を置く選び方ができる。champiñonesの料理でも、鉄板焼きや詰め物入りなど仕上げはさまざま。メニューにal ajilloとあるかを見て、ハムなどの追加具材も確かめたい。キノコ料理だから必ず菜食向きとは限らない。,現地写真の原典あり・現在の提供店を追加確認,通年扱い・営業日は別途確認,https://www.esmadrid.com/de/madrider-gastronomie,P009,対象写真候補あり（現行店・現地性は別確認）,,出典S01はタパス文化の背景のみ。個別料理の説明は写真原典を参照。
M026,カタクチイワシの酢漬け（ボケロネス）,Boquerones en vinagre,マドリードで定番・店の名物,12,ボケロネス・エン・ビナグレは、カタクチイワシ類を酢でマリネした冷たい料理。塩漬けのアンチョビとは別物として選びたい。保存・加工した魚をつまみにする一例で、熱い揚げ物ばかりになったときの組合せ候補にもなる。市場の写真では白くなった身が容器に並ぶが、写真の色だけで酢の種類や熟成時間までは分からない。,現地写真の原典あり・提供店を追加確認,通年扱い・営業日は別途確認,https://www.esmadrid.com/de/madrider-gastronomie,P008,対象写真候補あり（現行店・現地性は別確認）,日本語名をカタクチイワシの酢漬けへ修正。P008を原典・画像で再確認し、新規写真には数えない。,写真原典は料理名を明記。魚種の学名と食品安全説明は別資料で確認。
M027,スモークサーモン,Salmón ahumado,全国・他地方由来／首都で食べる一品,,燻製サーモンは、Lhardyのメニューや市場の販売情報から探せる冷菜。マドリード固有の料理ではないが、各地の保存・加工魚が首都に集まる食の一面を見せてくれる。市内で売られていることと、市内で魚が育ち燻製されたことは別なので、産地や製造地は商品の表示を確認したい。,Lhardy／San Miguel市場のAhumados Domínguez,通年扱い・営業日は別途確認,"https://lhardy.com/carta/
https://mercadodesanmiguel.es/puestos/",,対象写真未確保,,Madridでの販売は確認できるがMadrid産サーモンとは書かない。
M028,バンデリージャ（漬物の串）,Banderillas de encurtidos,マドリードで定番・店の名物,13,バンデリージャは、オリーブなどの漬物を串に組み合わせた一口のつまみ。サン・ミゲル市場の販売店情報などから探せる。大皿を何品も頼む前に、小さなつまみを選びたいときの候補になる。串に入るものは一定ではなく、魚を組み合わせる場合もあるので具材を見て選ぼう。小さくても別注文の有料商品である可能性を忘れないこと。,現地売り場写真／San Miguel市場の漬物・ベルモット店,通年扱い・営業日は別途確認,"https://mercadodesanmiguel.es/puestos/
https://www.losgalayos.net/nuestro-menu",P006,対象写真候補あり（現行店・現地性は別確認）,,オリーブ・アンチョビ・青唐辛子のヒルダと全て同一視しない。
M029,カサ・ミンゴのローストチキン,Pollo asado de Casa Mingo,マドリードで定番・店の名物,25,Casa Mingoが名物として掲げるローストチキン。公式サイトではシドラも店の中心に置かれており、鶏と飲み物を一緒に考えられる。観光とつなげるなら、近くのサン・アントニオ・デ・ラ・フロリダ礼拝堂が組合せの候補になる。礼拝堂の見学と店での食事は別の予定なので、それぞれの開館・営業を確認しておこう。,Casa Mingo,通年扱い・営業日は別途確認,"https://www.casamingo.es/
https://www.madrid.es/portales/munimadrid/es/ErmitaDeSanAntonioDeLaFlorida/Ermita-de-San-Antonio-de-la-Florida/?vgnextchannel=33df541adec0b410VgnVCM1000000b205a0aRCRD&vgnextfmt=default&vgnextoid=797368822e3ab010VgnVCM100000d90ca8c0RCRD",,対象写真未確保,,メニュー詳細ページは取得できなかったため価格は未採録。
M030,小ナスの酢漬け,Berenjenas en vinagre,全国・他地方由来／首都で食べる一品,,小さなナスを丸ごと使った酢漬けは、オリーブ以外の漬物を探したいときの候補。小さな形を残した姿が分かりやすく、オリーブや串の漬物とは別の食材を選べる。マドリードで販売されることを、そのままマドリード原産の証拠にはしないようにしたい。,Lavapiésの売り場写真・現行店は要確認,通年扱い・営業日は別途確認,https://mercadodesanmiguel.es/puestos/,P023,対象写真候補あり（現行店・現地性は別確認）,,Berenjena de Almagroの産地認証品だとは未確認。写真だけで認証を付けない。
M031,エンサラディージャ・ルサ,Ensaladilla rusa,全国・他地方由来／首都で食べる一品,,エンサラディージャ・ルサは、ジャガイモなどを使うマヨネーズ系の冷菜。Lhardy、Casa Alberto、Casa Ciriacoのような店のメニューにも見つかる。使う魚や野菜などの具は店で違い、同じ名前でも一律のレシピではない。冷菜を一つ挟みたいときに、盛りの大きさを見て選びたい。,Casa Alberto／Casa Ciriaco／Lhardy,通年扱い・営業日は別途確認,"https://www.casaalberto.es/carta-restaurante-en?idIdioma=2
https://www.casaciriaco.es/carta-restaurante
https://lhardy.com/carta/",,対象写真未確保,,Lhardyの小エビ入りと一般的なツナ入りを混同しない。
M032,トレスノス,Torreznos,全国・他地方由来／首都で食べる一品,,トレスノスは、豚肉の皮や脂の層が特徴になる揚げ物。Casa Ciriacoのメニューにもあり、他地域の料理がマドリードの店で食べられる例になる。生ハムとも煮込んだ豚肉とも違う、皮の層を残した料理として見てみよう。ソリアなどの地名が付く場合は、その表記を残したい。,Casa Ciriaco（Torreznos de Soria）,通年扱い・営業日は別途確認,https://www.casaciriaco.es/carta-restaurante,,対象写真未確保,,Madrid発祥と表記しない。認証の有無・具体的製法は追加確認。
M033,モルシージャ,Morcilla,全国・他地方由来／首都で食べる一品,,モルシージャは血を使うソーセージ。煮込みの具として入るだけでなく、単独の一皿としても選べる。穀物などの副材料や産地によって種類が違うため、「黒いチョリソー」と同じ扱いにしないこと。コシードで出会ったものを、別の調理法でも試す候補になる。,Casa Enriqueta,通年扱い・営業日は別途確認,https://gallinejasenriqueta.es/nuestra-carta-la-carta,,対象写真未確保,,米入りなどの配合や地域型は店の仕入れを確認。
M034,チストーラ,Chistorra,全国・他地方由来／首都で食べる一品,,チストーラは細身のソーセージを使う料理。Casa Enriquetaのメニューでも探せる。チョリソー、モルシージャと同じ加工肉の仲間として並べながら、太さや材料の違いを見て選びたい。マドリードにある店の品でも、料理名だけで州内製造品とは判断しない。,Casa Enriqueta,通年扱い・営業日は別途確認,https://gallinejasenriqueta.es/nuestra-carta-la-carta,,対象写真未確保,,産地や肉の配合は別途確認。
M035,ハモン・イベリコ,Jamón ibérico,全国・他地方由来／首都で食べる一品,,ハモン・イベリコはイベリコ豚の生ハム。マドリード固有の発明ではないが、老舗や市場でスペインの熟成肉を選ぶ入口になる。産地、豚の区分、商品名はラベルやメニューに従って読みたい。値段だけで一律の品質を判断せず、量や銘柄をそろえて見るのが比較の基本だ。,Casa Alberto／Lhardy／San Miguel市場,通年扱い・営業日は別途確認,"https://www.casaalberto.es/carta-restaurante-en?idIdioma=2
https://lhardy.com/carta/
https://mercadodesanmiguel.es/puestos/",,対象写真未確保,,bellota、血統、原産地の表示を商品単位で確認。Madridで切ることとMadrid産は別。
M036,セシーナ,Cecina,全国・他地方由来／首都で食べる一品,,セシーナは乾燥・熟成させた肉の冷菜。El Escarpínのような店を手がかりに、豚の生ハムとは別の保存肉を探せる。メニューによって肉の種類や産地が示されるため、その名称を残して選びたい。「スペインの薄切り肉は全部ハモン」と考えないための一品になる。,El Escarpín,通年扱い・営業日は別途確認,https://elescarpinsidreria.com/,,対象写真未確保,,同店はヤギチーズ添えとWagyu表記の別商品を掲載。IGP Cecina de Leónと勝手に同定しない。
M037,チョリソーのシドラ煮,Chorizos a la sidra,全国・他地方由来／首都で食べる一品,,チョリソーをシドラで調理する料理。El Escarpínのメニューにあり、アストゥリアス系の食文化をマドリードで楽しむ候補になる。シドラは飲み物としてだけでなく調理液にもなる。赤いソーセージの煮込み写真だけでは、シドラで煮たものかは判定できないので料理名を確認しよう。,El Escarpín,通年扱い・営業日は別途確認,https://elescarpinsidreria.com/,,対象写真未確保,,P025はチョリソーの土鍋料理だがシドラ使用は不明。完成料理の同定写真にはしない。
M038,ピキーリョの詰め物,Pimientos del piquillo rellenos,全国・他地方由来／首都で食べる一品,,赤いピキーリョに具を詰めた料理。Casa Albertoではタラとエビを詰める版が掲載されている。見た目だけでは中の具材が分からないため、名前の後に続くrellenos de…の部分まで読むと選びやすい。野菜を使う料理でも魚介が入る、という好例でもある。,Casa Alberto,通年扱い・営業日は別途確認,https://www.casaalberto.es/carta-restaurante-en?idIdioma=2,,対象写真未確保,,具材は店ごとに異なる。
M039,カツオ類入りエンパナディージャ,Empanadillas de bonito,全国・他地方由来／首都で食べる一品,,ボニートなどの魚を詰める小さなエンパナディージャ。Casa Ciriacoのメニューが探す手がかりになる。大きなパイを切り分けるエンパナーダとは、売られ方や大きさが異なる場合がある。菓子のように見える包みでも甘いとは限らないので、具材名を見て選びたい。,Casa Ciriaco,通年扱い・営業日は別途確認,https://www.casaciriaco.es/carta-restaurante,,対象写真未確保,,bonitoを日本のカツオ一種に限定しない。調理法と魚種は店に合わせる。
M040,アグハ・デ・テルネラ,Aguja de ternera,マドリードで定番・店の名物,,アグハ・デ・テルネラは、牛肉を詰めた細長いパイ。La Mallorquinaの塩味商品の一覧にも載る。菓子店へ入って甘いものだけを選ばず、軽食用の売り場にも目を向けると見つかる一品だ。クリーム入りの菓子パンと見た目が似ていても、こちらは肉を詰めた料理として選びたい。,La Mallorquinaの2009年写真あり,通年扱い・営業日は別途確認,https://pastelerialamallorquina.es/salados/,P004,対象写真候補あり（現行店・現地性は別確認）,,今回の通販一覧では名称を確認できていない。現在も買えると断定しない。
M041,仔豚のロースト,Cochinillo asado,全国・他地方由来／首都で食べる一品,,仔豚のローストは、マドリードと周辺のカスティーリャの食をつなぐ料理。Los Galayosは低温調理の仔豚を名物として掲載している。すべての店が同じ炉や焼き方を使うわけではないので、個別店の調理法をそのまま伝えたい。大皿の場合は人数と注文単位を確認しよう。,Los Galayos,通年扱い・営業日は別途確認,https://www.losgalayos.net/documentos/carta_es-en.pdf,,対象写真未確保,,P015は画像の目視未了。特定店で撮影したものではない。
M042,仔羊の肩肉ロースト,Paletilla de cordero lechal asada,全国・他地方由来／首都で食べる一品,,乳飲み仔羊の肩肉を焼く料理。Los Galayosのメニューにもあり、仔豚と並べて肉の種類を選べる。「肉のロースト」とまとめるより、羊であること、肩の部位であることまで読むと皿が想像しやすい。マドリード発祥というより、首都で出会うカスティーリャ系の料理として扱いたい。,Los Galayos,通年扱い・営業日は別途確認,https://www.losgalayos.net/documentos/carta_es-en.pdf,,対象写真未確保,,産地・炉の種類は別途確認。
M043,プルポ・ア・フェイラ,Pulpo a feira,全国・他地方由来／首都で食べる一品,,タコを使うガリシア系のプルポ・ア・フェイラ。El Escarpínのメニューにもあり、スペイン各地の魚介料理が首都へ集まることを示す一皿になる。タコ料理なら何でもこの名称ではないため、鉄板焼きなど別の調理法と区別したい。マドリード固有の郷土料理ではなく他地域由来の候補だ。,El Escarpín,通年扱い・営業日は別途確認,https://elescarpinsidreria.com/,,対象写真未確保,,Madrid発祥としない。茹で方と調味はレシピ資料を追加。
M044,トルトス・デ・マイス,Tortos de maíz,全国・他地方由来／首都で食べる一品,,トルトス・デ・マイスは、トウモロコシの生地を使うアストゥリアスの料理。El Escarpínでは肉やモルシージャを合わせる版がある。パンやジャガイモだけではない主食の食べ方を知る候補になる。上に載るものを含めて一品なので、生地だけの料理と思わず具材も読もう。,El Escarpín,通年扱い・営業日は別途確認,https://elescarpinsidreria.com/,,対象写真未確保,,記事では同店がアストゥリアス料理店であることを明示。
M045,ツナのエンパナーダ,Empanada de atún,全国・他地方由来／首都で食べる一品,,ツナなどの魚を生地で包むエンパナーダ。La Mallorquinaにはパイ生地の塩味商品として探せる例がある。地方の大きなエンパナーダと、菓子店が売るパイを同じ一種類の生地で説明しない方がよい。大きさ、切り売りかどうか、魚の種類を見て選びたい。,La Mallorquinaの写真・塩味商品一覧,通年扱い・営業日は別途確認,https://pastelerialamallorquina.es/salados/,P028,対象写真候補あり（現行店・現地性は別確認）,,『ガリシア伝統の生地』と写真のパイ生地を同一視しない。
M046,ファバーダ,Fabada asturiana,全国・他地方由来／首都で食べる一品,,ファバーダは豆と肉類を組み合わせるアストゥリアスの煮込み。El Escarpínのメニューが首都での注文先の候補になる。ひよこ豆のコシードと並べると、同じ「豆と肉の煮込み」でも別の地域料理だと分かる。マドリード由来ではないことを明記しつつ、地方料理を食べる楽しみに加えたい。,El Escarpín,通年扱い・営業日は別途確認,https://elescarpinsidreria.com/,,対象写真未確保,,豆の品種、ソーセージの種類、起源の説明は追加資料で補強。
M047,カチョポ,Cachopo,全国・他地方由来／首都で食べる一品,,カチョポは肉にハムとチーズを挟む料理。El Escarpínでは牛肉の版が掲載されている。切り口を見れば、肉の間に何を挟んでいるかが分かる一皿だ。大きさや付け合わせは店で異なるため、一人分か取り分け向きかを注文前に確かめると食事を組みやすい。,El Escarpín,通年扱い・営業日は別途確認,https://elescarpinsidreria.com/,,対象写真未確保,,サイズ・分量を一般化せず店の一例として扱う。
M048,白インゲン豆とアサリの煮込み,Fabes con almejas,全国・他地方由来／首都で食べる一品,,白インゲン豆とアサリを合わせる煮込み。El Escarpínにはfabes con almejasとして載っている。肉を使うファバーダと比べれば、同じ豆文化の中にも海産物を合わせる料理があると分かる。豆料理だから肉や魚介を使わないとは限らないことにも気を付けたい。,El Escarpín,通年扱い・営業日は別途確認,https://elescarpinsidreria.com/,,対象写真未確保,,貝の種類の日本語表記は流通名を再確認。
M049,メルルーサのガリシア風,Merluza a la gallega,全国・他地方由来／首都で食べる一品,,メルルーサをガリシア風に仕上げる魚料理。Casa Ciriacoのメニューにも見つかる。タラのbacalao、ベスーゴのbesugoとは魚名が違うので、白身魚という一言でまとめずメニューの表記を残そう。首都の老舗で他地域の調理法に出会う候補になる。,Casa Ciriaco,通年扱い・営業日は別途確認,https://www.casaciriaco.es/carta-restaurante,,対象写真未確保,,ソース・付け合わせの具体的構成は店別確認。
M050,小イカの鉄板焼き,Chipirones a la plancha,全国・他地方由来／首都で食べる一品,,小さなイカを鉄板で焼くチピロネス。Casa CiriacoやLos Galayosのメニューにある。輪切りにして揚げたイカサンドとは、見た目も調理法も違う一皿だ。イカを好きな人が別の料理を選ぶ入口として、a la planchaという鉄板焼きの表記を覚えておくと探しやすい。,Casa Ciriaco／Los Galayos,通年扱い・営業日は別途確認,"https://www.casaciriaco.es/carta-restaurante
https://www.losgalayos.net/documentos/carta_es-en.pdf",,対象写真未確保,,Los GalayosはHuelva産と足の揚げ物を明記。Madrid産とはしない。
M051,魚介のサルピコン,Salpicón de marisco,全国・他地方由来／首都で食べる一品,,サルピコン・デ・マリスコは魚介を使う冷菜。Lhardyはオマールを使う版を掲載している。一般的な料理名と、その店が選ぶ高級食材は区別して読もう。どの店でも同じ魚介が入るわけではないので、材料名と価格を一緒に確認したい。,Lhardy,通年扱い・営業日は別途確認,https://lhardy.com/carta/,,対象写真未確保,,全てのサルピコンをオマール入りと書かない。
M052,ガンバス・ア・ラ・ガバルディーナ,Gambas a la gabardina,全国・他地方由来／首都で食べる一品,,エビに衣を付けて揚げる、ガンバス・ア・ラ・ガバルディーナ。ニンニクと油のアヒージョとは別の調理法で、タラの衣揚げとも素材が違う。魚介の揚げ物を少しずつ比べる候補になる。現在の販売店と一皿の数は個別確認が必要で、過去写真から当日のメニューは判断できない。,Madrid料理の写真原典・現行店は追加確認,通年扱い・営業日は別途確認,https://www.esmadrid.com/de/madrider-gastronomie,P016,対象写真候補あり（現行店・現地性は別確認）,,由来の逸話と衣の配合は未確認。S01は一般的な料理文化の背景資料。
M053,コウイカの鉄板焼き,Sepia a la plancha,全国・他地方由来／首都で食べる一品,,セピアはコウイカ。El Escarpínでは鉄板焼きとして掲載されている。小イカのチピロネスと同じ語ではないので、メニューで並んでいたら食材名を分けて選びたい。イカ料理を揚げ物だけで終わらせないための一皿になる。,El Escarpín,通年扱い・営業日は別途確認,https://elescarpinsidreria.com/,,対象写真未確保,,日本の特定のコウイカ種との同一視は避ける。
M054,サンブリーニャス,Zamburiñas,全国・他地方由来／首都で食べる一品,,サンブリーニャスは、El Escarpínなどのメニューで見つかる貝料理の名称。小さな殻付きの皿として魚介の章へ加えられる。ただし流通名から生物種を決めつけず、種類を詳しく説明する場合は店や仕入先の情報を確かめたい。,El Escarpín,通年扱い・営業日は別途確認,https://elescarpinsidreria.com/,,対象写真未確保,,zamburiñaとvolandeiraは市場で混同されるため、食用種を写真や名前だけで断定しない。
M055,ムール貝,Mejillones,全国・他地方由来／首都で食べる一品,,ムール貝はmejillonesという名前が目印。El Escarpínのような店のメニューから探せる。貝の種類だけでなく、蒸し物かソースを合わせるのかで料理は変わるため、調理法まで読んで選ぼう。首都近郊の海産物という意味ではなく、各地から届く食材の一例だ。,El Escarpín,通年扱い・営業日は別途確認,https://elescarpinsidreria.com/,,対象写真未確保,,蒸す・ソース煮などの調理法は採用店のメニューを追加確認。
M056,生牡蠣,Ostras,全国・他地方由来／首都で食べる一品,,牡蠣はLhardyやサン・ミゲル市場の販売情報から探せる。市場に集まる魚介を一つずつ選びたいときの候補になる。産地、種類、大きさ、何個単位の価格かを読もう。マドリードで提供されることと、マドリードで採れたことは別である。,Lhardy／San Miguel市場 Daniel Sorlut,通年扱い・営業日は別途確認,"https://lhardy.com/carta/
https://mercadodesanmiguel.es/puestos/",,対象写真未確保,,産地、品種、生食提供の最新状況は商品単位で確認。
M057,パエリア,Paella,全国・他地方由来／首都で食べる一品,,パエリアはバレンシア由来の料理として位置付け、マドリード発祥の名物とは分けておきたい。市内の市場や店でも米料理を探せるが、具材や提供方法はさまざま。コシードなど地元に結び付く料理を選んだうえで、スペイン各地の味を広げる一皿として加えるとよい。,San Miguel市場 Paella by Rodrigo de la Calle／El Escarpín,通年扱い・営業日は別途確認,"https://mercadodesanmiguel.es/puestos/
https://elescarpinsidreria.com/",,対象写真未確保,,海鮮版を全て『伝統的なパエリア・バレンシアーナ』と書かない。
M058,セピア入りの黒い米料理,Arroz negro con sepia,全国・他地方由来／首都で食べる一品,,セピア入りの黒い米料理は、El Escarpínのメニューに掲載されている。黒い色の料理としてだけでなく、イカ墨とコウイカを使う米料理として名前を読むと具体的になる。パエリアを含む米料理の章で、材料と調理法の異なる一品として選びたい。,El Escarpín,通年扱い・営業日は別途確認,https://elescarpinsidreria.com/,,対象写真未確保,,提供人数と価格は一人前・二人前を混同しない。
M059,ガスパチョ,Gazpacho,全国・他地方由来／首都で食べる一品,,ガスパチョは野菜を使う冷たいスープ。全国的に知られる料理だが、Lhardyにはカニを合わせる版があり、店独自のアレンジも見える。一般的なガスパチョの説明に、特定店の追加具材を混ぜないこと。菜食のつもりで頼む場合も、メニューの具材を最後まで確認したい。,Lhardy,冷たい料理として紹介・提供時期は確認,https://lhardy.com/carta/,,対象写真未確保,,甲殻類入りは同店の版。全てのガスパチョにカニが入るわけではない。
M060,サルモレホ・コルドベス,Salmorejo cordobés,全国・他地方由来／首都で食べる一品,,サルモレホ・コルドベスは、コルドバ系の濃い冷製スープ・クリーム。Casa AlbertoやLos Galayosのメニューにもある。ガスパチョと同じものとして扱わず、濃度や付け合わせを比べると違いが見える。マドリードでは、他地域の料理を選ぶ一品として位置付けたい。,Casa Alberto／Los Galayos,通年扱い・営業日は別途確認,"https://www.casaalberto.es/carta-restaurante-en?idIdioma=2
https://www.losgalayos.net/documentos/carta_es-en.pdf",,対象写真未確保,,Los Galayosは生ハム・ゆで卵・オリーブ油を明記。
M061,チュロス,Churros,マドリードで定番・店の名物,2,チュロスと温かいチョコレートは、マドリードの甘いものを知る分かりやすい組合せ。San Ginésはその組合せで知られる店の一つだ。細長い揚げ生地だけで完結させず、カップの濃いチョコレートに浸す食べ方まで一緒に選びたい。朝食にも休憩にも組み込めるが、深夜営業や24時間営業は店ごとの現在の案内を確認しよう。,Chocolatería San Ginés,通年扱い・営業日は別途確認,https://www.esmadrid.com/churros-con-chocolate-receta-san-gines-madrid,P026,対象写真候補あり（現行店・現地性は別確認）,,チュロス自体と飲み物は別の食品。セットをさらに一品と数えない。
M062,ポラス,Porras,マドリードで定番・店の名物,3,ポラスはチュロスより太い揚げ生地。どちらも同じものの大小として済ませず、形や切り分けられ方を見比べると違いが分かりやすい。チョコレートと合わせて頼む場合も、チュロスとポラスのどちらを選ぶかを店頭で確かめたい。チュロスとポラスを同じ機会に少しずつ選ぶ方法もある。,Chocolatería San Ginés・写真で確認,通年扱い・営業日は別途確認,https://www.esmadrid.com/churros-con-chocolate-receta-san-gines-madrid,P026,対象写真候補あり（現行店・現地性は別確認）,,生地の膨張剤や断面の説明は製造者の配合を追加確認。
M063,トリハス,Torrijas,マドリードで定番・店の名物,26,トリハスはパンを使う甘い料理で、聖週間に結び付く菓子として紹介されている。パンが食事の主役から季節の甘味へ変わる一品だ。菓子店の売り場とレストランのデザートでは、仕上げや盛り付けが異なることもある。旅行時期が合うなら候補に加えつつ、店ごとの販売時期を確認して探したい。,Casa Alberto／市観光局のレシピ集,聖週間。通年提供店もある,"https://www.casaalberto.es/carta-restaurante-en?idIdioma=2
https://www.esmadrid.com/reposteria-tradicional
https://www.esmadrid.com/recetas-madrid","P039, P040",対象写真候補あり（現行店・現地性は別確認）,,牛乳・ワイン・蜜などの版の違いは具体的レシピを確認。
M064,バルトリージョス,Bartolillos,地域の伝統・産品／発祥の断定ではない,27,バルトリージョスは薄い生地にクリームを包んで揚げる菓子。三角形に近い形の完成品を見ると、塩味の包み料理と似ていても中身が違うことが分かる。ナポリターナのような焼く菓子パンとは、包んだ後に揚げる点も異なる。名前を見かけたら、クリームを包んだ小さな揚げ菓子として選びたい。,La Mallorquinaの記録写真／市観光局,通年扱い・営業日は別途確認,https://www.esmadrid.com/reposteria-tradicional,"P032, P033, P034",対象写真候補あり（現行店・現地性は別確認）,,三枚が同一店舗の連続工程とは確認できない。
M065,サン・イシドロのロスキージャス,Rosquillas de San Isidro,地域の伝統・産品／発祥の断定ではない,28,サン・イシドロの祭りに結び付く輪形のロスキージャス。tontas、listasなど、名前と仕上げの異なる種類がある。一つの菓子をどう仕上げるか、売り場で見比べるのも楽しみ方の一つ。5月のマドリードを紹介するなら、街の行事と菓子売り場をつなぐ題材になる。,市観光局／Horno de San Onofreのレシピ入口,5月のサン・イシドロ祭,"https://www.esmadrid.com/reposteria-tradicional
https://www.esmadrid.com/recetas-madrid
https://www.esmadrid.com/en/whats-on/sanisidro-madrid",P018,対象写真候補あり（現行店・現地性は別確認）,,種類を別々の品数として水増ししない。P018だけで型を断定しない。
M066,サン・アントンのパネシージョス,Panecillos de San Antón,地域の伝統・産品／発祥の断定ではない,29,サン・アントンのパネシージョスは、1月の祭りに結び付く小さな焼き菓子。チュロスや普段の菓子パンとは違い、食の暦を感じられる候補になる。名前のpanecillosだけから普通の食事パンと考えず、祭礼菓子として探したい。1月以外の販売を保証せず、必要なら店舗に品名を添えて問い合わせよう。,市観光局／La Marquesitaの記録写真,1月17日前後,https://www.esmadrid.com/reposteria-tradicional,P036,対象写真候補あり（現行店・現地性は別確認）,,写真の店の現在営業は未確認。由来の伝説は史実と区別する。
M067,コロナ・デ・ラ・アルムデナ,Corona de la Almudena,地域の伝統・産品／発祥の断定ではない,30,コロナ・デ・ラ・アルムデナは、11月9日の祝祭に結び付く冠形の菓子パン。市の紹介では1980年代に生まれたものとされ、古都の名物にも比較的新しい菓子があることが分かる。1月のロスコン・デ・レジェスと似た輪形でも同じ菓子ではない。アルムデナ大聖堂の紹介と一緒に読むと、場所の名前と季節の菓子がつながる。,El Riojanoの製造者提供レシピ,11月9日前後,"https://www.esmadrid.com/corona-almudena-madrid-receta-el-riojano
https://www.esmadrid.com/reposteria-tradicional",,対象写真未確保,,ロスコン・デ・レジェスとは別の祭り・菓子として説明。
M068,ウエソス・デ・サント,Huesos de santo,マドリードで定番・店の名物,31,ウエソス・デ・サントは、筒状のマジパンに甘い詰め物を入れる菓子。「聖人の骨」という名前と白い筒の姿が結び付き、秋の菓子売り場を紹介する題材になる。細長い揚げ菓子のウエソス・デ・サン・エスペディートとは別物。名前にhuesosが付いていても、生地も作り方も同じではない。,市観光局／El Riojanoの紹介,11月1日前後,https://www.esmadrid.com/reposteria-tradicional,P041,対象写真候補あり（現行店・現地性は別確認）,,P017は権利履歴の版照合待ち。写真差し替え・追加が必要。
M069,ブニュエロス・デ・ビエント,Buñuelos de viento,マドリードで定番・店の名物,32,ブニュエロス・デ・ビエントは、丸く揚げた生地の菓子。クリームを入れるものもあり、La Mallorquinaが協力する市のレシピにも登場する。丸い外見だけで中身を決めず、詰め物の種類を見て選びたい。一つに割ると、外からは見えない生地とクリームの組合せが分かる。,La Mallorquinaの製造者レシピ,諸聖人の日の時期など,"https://www.esmadrid.com/bu%C3%B1uelos-viento-madrid-la-mallorquina
https://www.esmadrid.com/reposteria-tradicional",P014,対象写真候補あり（現行店・現地性は別確認）,,P014は外側のみ。中身の味を断定しない。
M070,バルキージョス,Barquillos,マドリードで定番・店の名物,33,バルキージョスは、薄い生地を巻いた筒状の焼き菓子。大きなクリーム菓子とは違う、軽い形の一品として選べる。マドリードの伝統菓子の紹介にも登場する。焼き菓子の形を見比べるなら、輪形、パイの層、筒形の違いに目を向けたい。,市観光局／Madridの菓子売り場写真,通年扱い・営業日は別途確認,https://www.esmadrid.com/reposteria-tradicional,P007,対象写真候補あり（現行店・現地性は別確認）,,barquilleroの現在の営業場所や伝統の年代は別に調査。
M071,ロスコン・デ・レジェス,Roscón de Reyes,全国・他地方由来／首都で食べる一品,,公現祭の時期に食べる輪形のロスコン・デ・レジェス。冠形の菓子を11月のコロナと並べると、似た外見でも別の行事に結び付いていることが分かる。大きさや中のクリームは商品によって異なるため、人数と売り方を見て選びたい。,市観光局／各製菓店,1月6日前後,"https://www.esmadrid.com/reposteria-tradicional
https://www.esmadrid.com/de/traditionelle-konditorei-madrid",,対象写真未確保,,詰め物と装飾は店による。
M072,ナポリターナ,Napolitanas,マドリードで定番・店の名物,34,ナポリターナは、クリームやチョコレートなどを包む菓子パン。La Mallorquinaの公式商品一覧でも種類を探せる。ソル周辺で菓子店に入るなら、特別な祭礼を待たずに選べる日常の甘いものの候補だ。通販でのまとめ売り価格を店頭一個の価格と混同しないようにしたい。,La Mallorquina,通年扱い・営業日は別途確認,"https://pastelerialamallorquina.es/bolleria/
https://pastelerialamallorquina.es/",P035,対象写真候補あり（現行店・現地性は別確認）,,店頭1個売りの実売価格とは別。味違いを複数品に数えない。
M073,モラタのパルメリタス,Palmeritas de Morata,地域の伝統・産品／発祥の断定ではない,35,モラタ・デ・タフーニャで知られる、小さなパルミエ形のパイ菓子。専門の製造販売元もあり、マドリード市中心だけでなく州内の町に目を向ける候補になる。チョコレートなど、表面の仕上げが違う商品も選ぶ手がかりになる。「モラタの名物」と「市内の全菓子店で買えるもの」は別なので、販売先を確かめよう。,La Palmerita de Morata／市観光局,通年扱い・営業日は別途確認,"https://lapalmeritademorata.es/
https://www.esmadrid.com/reposteria-tradicional
https://www.esmadrid.com/de/traditionelle-konditorei-madrid",,対象写真未確保,,製造地と市内販売店を分けて記載。チョコ掛けなどは一品内で比較。
M074,マノリートス,Manolitos,地域の伝統・産品／発祥の断定ではない,,マノリートスは、小さなクロワッサンのブランド商品。昔から続く祭礼菓子だけでなく、現代の販売店で広がった甘いものもマドリードの食を構成している。一般的な料理名と商品名を分けて書き、他店の小さなクロワッサンまで同じブランド名で呼ばないようにしたい。,市観光局の紹介／Pastelería Artesanal Manolo,通年扱い・営業日は別途確認,https://www.esmadrid.com/reposteria-tradicional,,対象写真未確保,,一般名ではなく商品・ブランドとして区別。似たミニクロワッサンの写真で代用しない。
M075,スイソ,Suizo,マドリードで定番・店の名物,,スイソは、La Mallorquinaの菓子パン一覧で探せる甘いパン。名前の由来の物語を先に決めるより、まず現物の形と商品説明を見て選ぶと分かりやすい。チョコレート入りのナポリターナとは別の、朝食やおやつの選択肢になる。,La Mallorquina,通年扱い・営業日は別途確認,https://pastelerialamallorquina.es/bolleria/,,対象写真未確保,,Cafe Suizo由来の歴史は別途史料確認。名前から創業や発祥年を創作しない。
M076,ペスティーニョス,Pestiños,全国・他地方由来／首都で食べる一品,,ペスティーニョスは、生地を揚げて蜂蜜や砂糖で仕上げる菓子。クリームを包むバルトリージョとは、中身や形が異なる。スペインの他地域にもある菓子として、マドリードで見つかる伝統菓子の棚に加えたい。特定の時期の販売を通年と断定しないようにする。,市観光局の伝統菓子紹介,通年扱い・営業日は別途確認,https://www.esmadrid.com/reposteria-tradicional,,対象写真未確保,,アラブ由来という通説を具体的年代まで断定しない。現行製造店と写真を追加。
M077,トゥロン,Turrón,全国・他地方由来／首都で食べる一品,,トゥロンは、硬いものや軟らかいものなど種類のある菓子。クリスマスの甘味を探すときの候補になる。マドリードの老舗で売られていても、菓子そのものを首都の発祥とは扱わない。材料や商品名が異なるものは一つの項目の中で比べたい。,Casa Miraなどを市観光局が紹介,特にクリスマス期,https://www.esmadrid.com/reposteria-tradicional,,対象写真未確保,,原材料は種類別に確認。公式観光ページのCasa Mira創業年は他資料と照合するまで採用しない。
M078,マサパン,Mazapán,全国・他地方由来／首都で食べる一品,,マサパンはアーモンドを使う菓子。小さく成形したものを選べ、ウエソス・デ・サントに使われる生地ともつながる。クリスマスの菓子売り場では、形や詰め物を見て探したい。全国的な菓子と、店独自の製品は分けて紹介する。,市観光局のクリスマス菓子紹介,特にクリスマス期,https://www.esmadrid.com/reposteria-tradicional,,対象写真未確保,,今回の市資料は品名中心。材料の配合・トレドとの関係・販売店を追加調査。
M079,ポルボロネス,Polvorones,全国・他地方由来／首都で食べる一品,,ポルボロネスは、クリスマスに食べる焼き菓子の候補。市の料理・菓子レシピ集にも登場する。味の感想を先に決めず、原材料と作り手の説明を見ながら、他の季節菓子との違いを選びたい。箱売りか一個売りかも確認しておこう。,Antigua Pastelería del Pozoのレシピ入口,特にクリスマス期,"https://www.esmadrid.com/recetas-madrid
https://www.esmadrid.com/reposteria-tradicional",,対象写真未確保,,個別レシピの小麦粉・油脂・ナッツの配合は追加確認。
M080,スミレのキャンディー,Caramelos de violeta,地域の伝統・産品／発祥の断定ではない,36,スミレをかたどったキャンディーは、マドリードの甘い土産を探す候補。La Mallorquinaなどの販売情報から商品を探せる。花の形を選ぶ楽しみがあり、焼き菓子とは違う甘い土産になる。スミレを使う飲み物や菓子があっても、すべて同じ老舗・製造者のものだとは考えないようにしたい。,La Violeta／La Mallorquina,通年扱い・営業日は別途確認,"https://www.esmadrid.com/limonada-violetas-diego-cabrera-madrid
https://pastelerialamallorquina.es/",,対象写真未確保,,ブランド指定写真は包装や作者の権利を確認。香料の実配合はメーカー資料で確認。
M081,チャティータス,Chatitas,地域の伝統・産品／発祥の断定ではない,,チャティータスは、小さなスポンジ生地に甘い具を詰め、チョコレートで包む菓子。製造販売元の公式サイトと、市の菓子紹介が探す手がかりになる。古い祭礼菓子と現代の商品を区別しながら、マドリードの甘いものの幅を広げる候補だ。,Animari／Chatitas,通年扱い・営業日は別途確認,"https://chatitas.es/
https://www.esmadrid.com/reposteria-tradicional",,対象写真未確保,,中身や被覆の違いを別々の品数に数えない。
M082,アルカラのコストラーダ,Costrada de Alcalá,地域の伝統・産品／発祥の断定ではない,37,コストラーダはアルカラ・デ・エナレスの菓子として市公式が紹介する一品。パイ生地、カスタード、メレンゲを重ねる構成で、全体の外観より断面の方が内容を伝えやすい。大学や旧市街の散策と組み合わせると、近郊の町を菓子から知る入口になる。誕生した年と最初の店には異なる説明があるため、ここでは一つに断定しない。,Alcalá市公式・地元菓子店を確認先にする。現行取扱店の特定は別。,通年扱い・営業日は別途確認,"https://elparaisodelosgolosos.blogspot.com/2023/07/costrada-de-alcala-de-henares.html
https://www.esmadrid.com/en/trips-alcala-henares
https://www.turismoalcala.es/gastronomia-restaurantes-alcala-de-henares/
https://bake-street.com/en/costrada-de-alcala-de-henares/
https://www.alcalahoy.es/2024/11/28/primer-concurso-de-la-costrada-patrimonio-gastronomico-de-alcala/","P042, P043",対象写真候補あり（現行店・現地性は別確認）,市公式で地域性、作り手で層の構成を補強。起源年・発明店は異説があるので本文で断定しない。,自作ブログは調理例の資料。起源の一次史料として扱わない。
M083,ウエソス・デ・サン・エスペディート,Huesos de San Expedito,全国・他地方にもある季節菓子,,ウエソス・デ・サン・エスペディートは、アニスなどを加えた生地を細長く成形し、揚げて粉糖をかける菓子。料理人Eva Arguiñanoのレシピでは、成形した生地に切れ目を入れる。マジパンのウエソス・デ・サントとは材料も工程も違い、マドリードだけの菓子でもない。,料理写真の原典。販売店・製法は追加調査,通年扱い・営業日は別途確認,"https://www.esmadrid.com/reposteria-tradicional
https://www.hogarmania.com/cocina/recetas/postres/huesos-expedito-24561.html",P030,対象写真候補あり（現行店・現地性は別確認）,細長いアニス風味の揚げ菓子。マジパンのHuesos de santoと区別。現在のマドリード販売店は未確保。,S02はMadrid菓子文化の背景のみ。本品の由来・配合は未確認。
M084,ラルディのスフレ,Soufflé de Lhardy,マドリードで定番・店の名物,,Lhardyがデザートに掲載するスフレ。店の名前を付けて紹介することで、一般的なスフレ全体の説明と区別できる。コシードなど大きな食事の後に選ぶ場合も、コースに含まれるか別注文かをメニューで確認したい。,Lhardy,通年扱い・営業日は別途確認,https://lhardy.com/carta/,,対象写真未確保,,生地の材料やフランベ方法はメニューだけでは未確認。
M085,イワシ形のチョコレート菓子,Sardina de chocolate,地域の伝統・産品／発祥の断定ではない,38,イワシ形のチョコレート菓子は、マドリードのカーニバルと結び付く甘味。市の2017年の発表で、公式デザートとして扱われたことを確認できる。魚の姿なのに甘い菓子、という外見だけでなく、古い祭りと新しく加わった菓子を分けて知ると面白い。発表当時の参加店が、現在も毎日販売するとは限らない。,市観光局のカーニバル・伝統菓子紹介,カーニバル期,"https://www.esmadrid.com/reposteria-tradicional
https://diario.madrid.es/blog/notas-de-prensa/madrid-ya-tiene-postre-oficial-para-el-carnaval/",,対象写真未確保,,伝統的な行事と新しい公式菓子を混同し、何百年もの伝統菓子とは書かない。
M086,カンポ・レアルのオリーブ,Aceitunas de Campo Real,地域の伝統・産品／発祥の断定ではない,,カンポ・レアルのオリーブは、マドリード州が地域の品質表示を持つ食品として紹介する産品。市場で見かけるオリーブを、もう一歩産地までたどって選ぶ候補になる。ただし、市内市場のオリーブ写真というだけではカンポ・レアル産を証明できない。名称と販売表示を見たい。,マドリード州の認証産品紹介,通年扱い・営業日は別途確認,https://www.comunidad.madrid/noticias/2026/03/03/comunidad-madrid-participa-13a-feria-internacional-aceite-oliva-productos-denominacion-origen-protegida,,対象写真未確保,,P021・P022は一般的なオリーブ写真で、本品の証明なし。専用写真が必要。
M087,カンポ・レアルのチーズ,Queso de Campo Real,地域の伝統・産品／発祥の断定ではない,,カンポ・レアルの製造者は、羊乳100%のものと混乳のものなど、異なるチーズを扱っている。スペインのチーズをすべてマンチェゴと呼ばず、製造者と使う乳の種類を見て選びたい。州内の製造場所が確認できる商品を選ぶことと、乳のすべての生産地を確定することは別である。,Quesos Campo Real,通年扱い・営業日は別途確認,https://quesoscamporeal.com/,,対象写真未確保,,P020は市場の一般チーズ。Campo Real製と確認できず、本品の写真として使えない。
M088,アランフェスのイチゴ類,Fresas y fresones de Aranjuez,地域の伝統・産品／発祥の断定ではない,,アランフエスの生産者は、小さなfresaと大粒のfresónを区別して紹介している。同じ「イチゴ」でまとめず、どちらを買うかまで見たい。小さいfresaは栽培の手間や傷みやすさも生産者の課題になっており、単なる王宮土産ではなく菜園の作物として知ると土地との関係が見えてくる。販売場所だけで産地を決めず、その日の商品表示を確認しよう。,州政府のグルメガイド,季節品・具体的収穫期は追加確認,"https://www.comunidad.madrid/docs/assets/2024/10/07/aa_ff_guia_madrid-7-estrellas_es_en.pdf
https://www.fresasdearanjuez.es/
https://www.comunidad.madrid/noticias/2026/02/04/comunidad-madrid-incorporara-sellos-calidad-fresas-esparragos-aranjuez-ajo-fino-chinchon-miel-madrid",,対象写真未確保,小さいfresaとfresónを区別。アランフエス産かは実物ラベル・仕入先で確認。品質表示の計画発表を登録済みとしない。,fresaとfresónの品種差、現行生産者、旬、市内販売場所を確認。
M089,アランフェスのアスパラガス,Espárragos de Aranjuez,地域の伝統・産品／発祥の断定ではない,,アランフエスの緑のアスパラガスは、Pericosという呼び名でも紹介される春の食材。地元生産者は蒸す、炭火や鉄板で焼く、卵料理に合わせるなどの食べ方を挙げている。王宮と庭園の見学に加えて周辺の菜園を見ると、観光地の景色と皿の材料がつながる。旬でも地元産の入荷は店ごとに確かめたい。,州政府のグルメガイド,季節品・具体的収穫期は追加確認,"https://www.comunidad.madrid/docs/assets/2024/10/07/aa_ff_guia_madrid-7-estrellas_es_en.pdf
https://delahuertadearanjuez.es/esparrago-de-aranjuez/
https://www.esparragodearanjuez.es/
https://www.comunidad.madrid/noticias/2026/02/04/comunidad-madrid-incorporara-sellos-calidad-fresas-esparragos-aranjuez-ajo-fino-chinchon-miel-madrid",,対象写真未確保,緑のアスパラガス、Pericosの呼称、春の旬を現地生産者で確認。,産地の証明がある写真が必要。一般的なグリーンアスパラ写真で代用しない。
M090,マドリードのオリーブ油,Aceite de Madrid DOP,地域の伝統・産品／発祥の断定ではない,,マドリード州のオリーブ油はDOP産品として州政府が紹介している。首都の食を肉料理や甘味だけでなく、料理を支える調味料から見る候補になる。マドリードで瓶詰め・販売される油をすべて同じ産地表示で扱わず、DOPの名称と商品の表示を確認して選びたい。,マドリード州・認証生産者を追加調査,通年扱い・営業日は別途確認,https://www.comunidad.madrid/noticias/2026/03/03/comunidad-madrid-participa-13a-feria-internacional-aceite-oliva-productos-denominacion-origen-protegida,,対象写真未確保,,品種、地理的範囲、認証ロゴ使用条件は一次規則で追加確認。
M091,マドリードの養蜂とハチミツ,Miel de la Comunidad de Madrid,州内の養蜂・販売者／採蜜地は商品別確認,,マドリード州には養蜂・販売の事業者がいるが、所在地だけで蜂蜜の採蜜地は決まらない。たとえばCobeñaのAntonio Simónが扱うオーク蜂蜜には、スペインとポルトガルの蜂蜜という説明がある。「マドリードの会社で買う蜂蜜」と「州内で採れた蜂蜜」を分け、地元産を選ぶときは商品ごとの原産地を確かめたい。,Antonio Simón（州内企業としての例。掲載商品を州内採蜜とはしない）,通年扱い・営業日は別途確認,"https://www.comunidad.madrid/docs/assets/2025/11/21/nota_informativa_diciembre_2025.pdf
https://miel-antoniosimon.com/producto/miel-ecologica-de-roble/
https://miel-antoniosimon.com/
https://www.comunidad.madrid/noticias/2026/02/04/comunidad-madrid-incorporara-sellos-calidad-fresas-esparragos-aranjuez-ajo-fino-chinchon-miel-madrid",,対象写真未確保,州内企業の商品でも採蜜地は別。Antonio Simónのオーク蜂蜜にはスペイン・ポルトガル表示。地域産の確証は商品別に必要。,『Sierra産』『特定の花の蜜』は未確認。具体的商品・販売店・産地写真が必要。
M092,チョコラテ・ア・ラ・タサ,Chocolate a la taza,マドリードで定番・店の名物,,チョコラテ・ア・ラ・タサは、カップで提供する濃い温かいチョコレート。チュロスを浸して食べる相手でもある。菓子と飲み物を別項目にして紹介しているが、実際には一緒に注文する一組として考えられる。量や砂糖、材料は店の説明を見て選ぼう。,Chocolatería San Ginés,通年扱い・営業日は別途確認,https://www.esmadrid.com/churros-con-chocolate-receta-san-gines-madrid,P026,対象写真候補あり（現行店・現地性は別確認）,,チュロスとのセット名を別の一品としてさらに加算しない。
M093,レチェ・メレンガーダ,Leche merengada,マドリードで定番・店の名物,,レチェ・メレンガーダは、牛乳にレモン皮やシナモンの香りを付け、メレンゲを合わせる甘い一品。冷たい飲み物にも凍ったデザートにもなるため、注文先でどの形を出すかを確認したい。チョコレートとは違う乳の甘味として、暑い時期の候補にできる。,Miriam Garcíaの自作レシピ・現行店は追加調査,通年扱い・営業日は別途確認,https://invitadoinvierno.com/helado-de-leche-merengada/,,対象写真未確保,,記事は紹介に留め、生卵を使う古いレシピの安全性を保証しない。
M094,カサ・ミンゴのシドラ,Sidra de Casa Mingo,マドリードで定番・店の名物,,Casa Mingoの公式サイトでは、ローストチキンとシドラが店の名物として並ぶ。シドラを料理の横に添えることで、一軒の食事を組み立てやすい。ただしリンゴの飲み物というだけでソフトドリンクとは考えないこと。酒を飲まない場合は別の飲み物を選ぼう。,Casa Mingo,通年扱い・営業日は別途確認,https://www.casamingo.es/,,対象写真未確保,,アルコールを含む飲料。アストゥリアスの文化との関係と製造場所は区別。
M095,樽出しベルモット,Vermut de grifo,マドリードで定番・店の名物,6,樽から注ぐベルモットは、食前の一杯を選ぶ候補。Los Galayosや市場の販売情報にも樽出しの扱いが見られる。スペイン語ではvermut de grifoという表記が目印になる。「樽生」と呼んでも生ビールの一種ではなく、ベルモットという酒だ。タラの衣揚げや漬物の串と組み合わせる案があるが、飲酒は必須ではない。,Los Galayos／San Miguel市場 La Hora del Vermut,通年扱い・営業日は別途確認,"https://www.losgalayos.net/nuestro-menu
https://mercadodesanmiguel.es/puestos/
https://www.esmadrid.com/gastronomia-madrid",,対象写真未確保,,アルコール飲料。Madrid産とは限らない。
M096,サン・イシドロのリモナーダ,Limonada de San Isidro,地域の伝統・産品／発祥の断定ではない,,サン・イシドロのリモナーダは、祭りと結び付いた飲み物。名前がレモネードに似ていても、伝統的なものはワインを使うためノンアルコールとは限らない。スミレを使う現代のレシピと伝統形も分けて見たい。注文時はアルコールの有無を確認しよう。,市観光局の祭り紹介・Viva Madridの派生レシピ,5月のサン・イシドロ祭,"https://www.esmadrid.com/en/whats-on/sanisidro-madrid
https://www.esmadrid.com/limonada-violetas-diego-cabrera-madrid",,対象写真未確保,,伝統のワイン入りとスミレ版などを区別。全てをノンアルコールと説明しない。
M097,ジャジョ（ヤヨ）,Yayo,マドリードで定番・店の名物,,ヤヨはCasa Camachoで知られる、ベルモット、ジン、ソーダを合わせる飲み物。現地取材の記事を手がかりに紹介できるが、現在の配合、価格、提供条件は店での再確認が必要だ。マドリードのすべての店で同じ内容が出る全国共通メニューとは扱わない。,Casa Camacho（取材記事）,通年扱い・営業日は別途確認,https://www.ft.com/content/399510a2-85ee-48a2-9827-73c23a3ab3d8,,対象写真未確保,,アルコール入り。記事中の古い価格を現行価格として使わない。
M098,マドリードのDOワイン,Vinos de Madrid DO,地域の伝統・産品／発祥の断定ではない,39,Vinos de Madridは、マドリードの原産地呼称を持つワイン。首都のレストランで飲むワインのすべてが、この産地のものではない。地元の一杯を選びたいなら、店の所在地よりラベルの名称を見るのが確実な入口になる。料理との組合せは好みによるため、飲酒しない人が無理に選ぶ必要はない。,Casa Enriqueta／州政府の産品紹介,通年扱い・営業日は別途確認,"https://gallinejasenriqueta.es/nuestra-carta-la-carta
https://www.comunidad.madrid/noticias/2026/03/03/comunidad-madrid-participa-13a-feria-internacional-aceite-oliva-productos-denominacion-origen-protegida
https://www.esmadrid.com/gastronomia-madrid",,対象写真未確保,,Casa del Abueloの自社ワインはToro産であり、本項の写真・例として流用しない。
M099,チンチョンのアニス酒,Anís de Chinchón,地域の伝統・産品／発祥の断定ではない,40,チンチョンのアニス酒は、地名を伴う地理的表示で紹介される酒。近郊のチンチョンを訪れるなら、中央広場や周辺の店と合わせて土地の産品を知る候補になる。種類によって甘さやアルコール度数は異なるので、名前だけで同じものだと判断しないこと。車で訪れる場合は現地で飲まず、持ち帰りなど別の楽しみ方を選びたい。,マドリード州の認証産品紹介,通年扱い・営業日は別途確認,"https://www.comunidad.madrid/noticias/2026/03/03/comunidad-madrid-participa-13a-feria-internacional-aceite-oliva-productos-denominacion-origen-protegida
https://www.esmadrid.com/en/chinchon",,対象写真未確保,,度数や甘口・辛口の区別は具体的メーカー資料を追加。
M100,マドリードで造るクラフトビール,Cerveza elaborada en Madrid,地域の伝統・産品／発祥の断定ではない,,La Caníbalは、公式サイトで自社醸造の複数のビールを紹介している。大きなブランドのビールだけでなく、首都で造るものを選ぶ候補になる。マドリードで売っているビールと、実際に市内で醸造したビールは別なので、製造者や醸造場所を見て選びたい。,La Caníbal,通年扱い・営業日は別途確認,https://lacanibal.com/,,対象写真未確保,,IPA・ラガーなどを一つの紹介項目にまとめ、銘柄ごとの水増しをしない。
