id,title,status,usable,visual,author,license,license_url,source_url,image_url,date,dimensions,location,caption,caution,credit,food_ids,place_ids,saved_local,checked
P001,Carnes del cocido madrileño.jpg,条件付き使用候補,True,今回再確認済,Javier Lastras (jlastras),CC BY 2.0,https://creativecommons.org/licenses/by/2.0/,https://commons.wikimedia.org/wiki/File:Carnes_del_cocido_madrile%C3%B1o.jpg,https://upload.wikimedia.org/wikipedia/commons/0/03/Carnes_del_cocido_madrile%C3%B1o.jpg,2010-02-05,1024×768,Madrid（店名未確認）,コシードの肉類を分けて盛った皿（2010年）。生の材料写真ではない。,Flickr原典: https://www.flickr.com/photos/22662305@N04/4333801495,Javier Lastras (jlastras) / CC BY 2.0 / Wikimedia Commons,M001,,False,2026-09-28（原典と画像を再確認・新規追加ではない）
P002,Callos cociendose.jpg,条件付き使用候補,True,目視確認済,Javier Lastras,CC BY 2.0,https://creativecommons.org/licenses/by/2.0/,https://commons.wikimedia.org/wiki/File:Callos_cociendose.jpg,https://upload.wikimedia.org/wikipedia/commons/c/cd/Callos_cociendose.jpg,2010-01-02,1024×683,撮影店未確認,赤い煮汁で煮ているカジョス。皿盛りではなく調理工程。,Flickr原典: https://www.flickr.com/photos/22662305@N04/4260029628/,Javier Lastras / CC BY 2.0 / Wikimedia Commons,M002,,False,2026-09-27（前回の判定を継承）
P003,Detalle Cocido Madrileño.jpg,条件付き使用候補,True,目視確認済,Javier Lastras (jlastras),CC BY 2.0,https://creativecommons.org/licenses/by/2.0/,https://commons.wikimedia.org/wiki/File:Detalle_Cocido_Madrile%C3%B1o.jpg,https://upload.wikimedia.org/wikipedia/commons/9/91/Detalle_Cocido_Madrile%C3%B1o.jpg,2008-12-02,1024×768,Restaurante Albahaca（都市未確認）,ひよこ豆、キャベツ、肉類を盛ったコシードの皿。,Flickr原典: https://www.flickr.com/photos/jlastras/3077335981/sizes/o/,Javier Lastras (jlastras) / CC BY 2.0 / Wikimedia Commons,M001,,False,2026-09-27（前回の判定を継承）
P004,Aguja de ternera-Madrid (Mallorquina).jpg,条件付き使用候補,True,目視確認済,Tamorlan,CC BY 3.0,https://creativecommons.org/licenses/by/3.0/,https://commons.wikimedia.org/wiki/File:Aguja_de_ternera-Madrid_%28Mallorquina%29.jpg,https://upload.wikimedia.org/wikipedia/commons/e/e7/Aguja_de_ternera-Madrid_%28Mallorquina%29.jpg,2009-09-05,3888×2592,"La Mallorquina, Madrid",La Mallorquinaのショーケースに並ぶアグハ・デ・テルネラ。,古い店舗写真。2009年の記録として使う。少し明るさを整える余地あり。,Tamorlan / CC BY 3.0 / Wikimedia Commons,M040,,False,2026-09-27（前回の判定を継承）
P005,Bacalao Rebozado - Madrid.jpg,条件付き使用候補,True,目視確認済,Tamorlan／色調整 Diádoco,CC BY 3.0,https://creativecommons.org/licenses/by/3.0/,https://commons.wikimedia.org/wiki/File:Bacalao_Rebozado_-_Madrid.jpg,https://upload.wikimedia.org/wikipedia/commons/7/7b/Bacalao_Rebozado_-_Madrid.jpg,2009-06-21,3888×2592,Madrid（店名未確認）,白い皿に積まれたタラの衣揚げ。,原典は赤ピーマンがない点を説明。Casa Labraの品／ソルダディートスと断定しない。,Tamorlan／色調整 Diádoco / CC BY 3.0 / Wikimedia Commons,M012,,False,2026-09-27（前回の判定を継承）
P006,Banderillas de encurtidos.jpg,条件付き使用候補,True,目視確認済,Tamorlan／調整 Takeaway,CC BY-SA 3.0,https://creativecommons.org/licenses/by-sa/3.0/,https://commons.wikimedia.org/wiki/File:Banderillas_de_encurtidos.jpg,https://upload.wikimedia.org/wikipedia/commons/1/13/Banderillas_de_encurtidos.jpg,未確定,3888×2592,詳細未確認,オリーブ、ペピニージョ、小タマネギなどを串に刺したバンデリージャ。,現行版は光量・コントラスト・彩度の変更あり。加工版を使う際もBY-SA表記。,Tamorlan／調整 Takeaway / CC BY-SA 3.0 / Wikimedia Commons,M028,,False,2026-09-27（前回の判定を継承）
P007,Barquillos de Madrid.JPG,条件付き使用候補,True,目視確認済,Tamorlan,CC BY-SA 3.0,https://creativecommons.org/licenses/by-sa/3.0/,https://commons.wikimedia.org/wiki/File:Barquillos_de_Madrid.JPG,https://upload.wikimedia.org/wikipedia/commons/9/9f/Barquillos_de_Madrid.JPG,2012-03-04,3888×2592,Madrid（店名未確認）,長い筒状のバルキージョが陳列された菓子店のトレー。,写真内の値札は現在価格に使わない。,Tamorlan / CC BY-SA 3.0 / Wikimedia Commons,M070,,False,2026-09-27（前回の判定を継承）
P008,Boquerones en vinagre-Madrid.jpg,条件付き使用候補,True,今回再確認済,Tamorlan,CC BY 3.0,https://creativecommons.org/licenses/by/3.0/,https://commons.wikimedia.org/wiki/File:Boquerones_en_vinagre-Madrid.jpg,https://upload.wikimedia.org/wikipedia/commons/5/50/Boquerones_en_vinagre-Madrid.jpg,未確定,3888×2592,原題にMadrid。店名とGPSによる独立確認はしていない。,容器に並んだボケロネス・エン・ビナグレ。カタクチイワシ類の酢漬け。2009年の記録写真。,撮影日未記載。2009年アップロード。暗さと色かぶりは軽微調整可。,Tamorlan / CC BY 3.0 / Wikimedia Commons,M026,,False,2026-09-28（原典と画像を再確認・新規追加ではない）
P009,Champiñones al ajillo (Madrid).jpg,条件付き使用候補,True,目視確認済,Tamorlan,CC BY 3.0,https://creativecommons.org/licenses/by/3.0/,https://commons.wikimedia.org/wiki/File:Champi%C3%B1ones_al_ajillo_%28Madrid%29.jpg,https://upload.wikimedia.org/wikipedia/commons/f/f3/Champi%C3%B1ones_al_ajillo_%28Madrid%29.jpg,未確定,3888×2592,Madrid（店名未確認）,ニンニクと調理したスライスマッシュルーム。,撮影日未記載。2010年アップロード。黄色・緑の色かぶり調整候補。,Tamorlan / CC BY 3.0 / Wikimedia Commons,M025,,False,2026-09-27（前回の判定を継承）
P010,Gallina en Pepitoria (Ciriaco).JPG,条件付き使用候補,True,目視確認済,Tamorlan,CC BY-SA 3.0,https://creativecommons.org/licenses/by-sa/3.0/,https://commons.wikimedia.org/wiki/File:Gallina_en_Pepitoria_%28Ciriaco%29.JPG,https://upload.wikimedia.org/wikipedia/commons/2/20/Gallina_en_Pepitoria_%28Ciriaco%29.JPG,2012-01-29,2592×1936,"Casa Ciriaco, Madrid",Casa Ciriacoで撮影されたガジーナ・エン・ペピトリア。,店名・位置を原典で確認。現在の盛り付けと同一とは限らない。,Tamorlan / CC BY-SA 3.0 / Wikimedia Commons,M010,,False,2026-09-27（前回の判定を継承）
P011,Huevos rotos con jamón.jpg,条件付き使用候補,True,目視確認済,Javier Lastras (jlastras),CC BY 2.0,https://creativecommons.org/licenses/by/2.0/,https://commons.wikimedia.org/wiki/File:Huevos_rotos_con_jam%C3%B3n.jpg,https://upload.wikimedia.org/wikipedia/commons/6/6f/Huevos_rotos_con_jam%C3%B3n.jpg,未確定,1024×768,詳細未確認,フライドポテトとハモンの上で卵を崩したウエボス・ロトス。,Flickr原典: https://www.flickr.com/photos/22662305@N04/2682778232。店名は未確認。,Javier Lastras (jlastras) / CC BY 2.0 / Wikimedia Commons,M015,,False,2026-09-27（前回の判定を継承）
P012,Bocata de calamares con salsa brava (Madrid).jpg,条件付き使用候補,True,目視確認済,Cecilia (Velcro.),CC BY 2.0,https://creativecommons.org/licenses/by/2.0/,https://commons.wikimedia.org/wiki/File:Bocata_de_calamares_con_salsa_brava_%28Madrid%29.jpg,https://upload.wikimedia.org/wikipedia/commons/3/35/Bocata_de_calamares_con_salsa_brava_%28Madrid%29.jpg,2009-06-06,4416×3312,Madrid・店名未確認,イカフライとブラバソースを挟んだパン。,Flickr原典: https://www.flickr.com/photos/7666989@N04/3623295060/ 。全てのイカサンドにこのソースが入るわけではない。,Cecilia (Velcro.) / CC BY 2.0 / Wikimedia Commons,M011,,False,2026-09-27（前回の判定を継承）
P013,Caracoles Madrileña - 2011.JPG,条件付き使用候補,True,目視確認済,Tamorlan,CC BY 3.0,https://creativecommons.org/licenses/by/3.0/,https://commons.wikimedia.org/wiki/File:Caracoles_Madrile%C3%B1a_-_2011.JPG,https://upload.wikimedia.org/wikipedia/commons/4/4a/Caracoles_Madrile%C3%B1a_-_2011.JPG,未確定,3888×2592,店名・撮影地の詳細未確認,大きな金属鍋に入った殻付きカタツムリの煮込み。,2011年アップロード。現在の販売状況の証拠にはしない。,Tamorlan / CC BY 3.0 / Wikimedia Commons,M009,,False,2026-09-27（前回の判定を継承）
P014,Buñuelos de Madrid.jpg,条件付き使用候補,True,目視確認済,Tamorlan,CC BY 3.0,https://creativecommons.org/licenses/by/3.0/,https://commons.wikimedia.org/wiki/File:Bu%C3%B1uelos_de_Madrid.jpg,https://upload.wikimedia.org/wikipedia/commons/2/2c/Bu%C3%B1uelos_de_Madrid.jpg,未確定,3888×2592,Madrid・店名未確認,粉砂糖をかけた丸いブニュエロス。,2009年アップロード。写真だけでは中身のクリームは特定できない。,Tamorlan / CC BY 3.0 / Wikimedia Commons,M069,,False,2026-09-27（前回の判定を継承）
P015,Cochinillo asado-Madrid.jpg,目視待ち,False,未確認（画像取得失敗）,Tamorlan,CC BY 3.0,https://creativecommons.org/licenses/by/3.0/,https://commons.wikimedia.org/wiki/File:Cochinillo_asado-Madrid.jpg,https://upload.wikimedia.org/wikipedia/commons/0/07/Cochinillo_asado-Madrid.jpg,未確定,3888×2592,Madrid・店名未確認,仔豚のロースト（原典の説明による）。,原典は食卓の各皿を注釈。画像取得が失敗しており構図の採用判断は保留。,Tamorlan / CC BY 3.0 / Wikimedia Commons,,,False,2026-09-27（前回の判定を継承）
P016,Gambas a la gabardina-2009.jpg,条件付き使用候補,True,目視確認済,Tamorlan,CC BY 3.0,https://creativecommons.org/licenses/by/3.0/,https://commons.wikimedia.org/wiki/File:Gambas_a_la_gabardina-2009.jpg,https://upload.wikimedia.org/wikipedia/commons/9/9a/Gambas_a_la_gabardina-2009.jpg,未確定,3888×2592,撮影地・店名未確認,尾を残した衣揚げのエビが皿に並ぶ。,2009年アップロード。色かぶりあり。特定店や配合は推定しない。,Tamorlan / CC BY 3.0 / Wikimedia Commons,M052,,False,2026-09-27（前回の判定を継承）
P017,Huesos de Santo.jpg,権利履歴の再照合待ち,False,目視確認済,Tamorlan,Public domain（現行ページ表記）,https://commons.wikimedia.org/wiki/File:Huesos_de_Santo.jpg#Licensing,https://commons.wikimedia.org/wiki/File:Huesos_de_Santo.jpg,https://upload.wikimedia.org/wikipedia/commons/e/e9/Huesos_de_Santo.jpg,未確定,3888×2592,撮影地・店名未確認,白い筒状のウエソス・デ・サント。,現行権利欄はPD。ただし2009年の原画差し替え履歴にCC BY 3.0表記があるため、原画版と許諾の照合まで保留。2006年撮影日は旧版の可能性があり採用しない。,Tamorlan / Public domain（現行ページ表記） / Wikimedia Commons,,,False,2026-09-27（前回の判定を継承）
P018,Apilamiento de Rosquillas-2011.JPG,条件付き使用候補,True,目視確認済,Tamorlan,CC BY 3.0,https://creativecommons.org/licenses/by/3.0/,https://commons.wikimedia.org/wiki/File:Apilamiento_de_Rosquillas-2011.JPG,https://upload.wikimedia.org/wikipedia/commons/8/81/Apilamiento_de_Rosquillas-2011.JPG,未確定,3888×2592,撮影地・店名未確認,白い衣をまとったリング状のロスキージャス。,ロスキージャス・デル・サントとの原典説明。白い衣だけで品種や味を断定しない。,Tamorlan / CC BY 3.0 / Wikimedia Commons,M065,,False,2026-09-27（前回の判定を継承）
P019,Entresijos - Paloma de 2012.JPG,条件付き使用候補,True,目視確認済,Tamorlan,CC BY-SA 3.0,https://creativecommons.org/licenses/by-sa/3.0/,https://commons.wikimedia.org/wiki/File:Entresijos_-_Paloma_de_2012.JPG,https://upload.wikimedia.org/wikipedia/commons/9/95/Entresijos_-_Paloma_de_2012.JPG,2012-08-15,3888×2592,Madrid・ラ・パロマ祭り,祭りの売り場に山盛りにされたエントレシホス。,ガリネハスとの混同を避け、エントレシホスとして表示。現在の祭り会場写真とはしない。,Tamorlan / CC BY-SA 3.0 / Wikimedia Commons,M003,,False,2026-09-27（前回の判定を継承）
P020,Madrid - 46939425565 Quesos.jpg,条件付き使用候補,True,目視確認済,Brian Adamson,CC BY 2.0,https://creativecommons.org/licenses/by/2.0/,https://commons.wikimedia.org/wiki/File:Madrid_-_46939425565_Quesos.jpg,https://upload.wikimedia.org/wikipedia/commons/7/75/Madrid_-_46939425565_Quesos.jpg,2019-04-21,3648×2736,Madrid・店名未確認,販売台に並ぶカットチーズとチーズの小さなトースト。,Campo Real製・Madrid州産の証明なし。市場の補助写真限定。Flickr: https://www.flickr.com/photos/66391503@N00/46939425565/ 対象産品・調理法を確定できないので、対象料理の写真充足数には入れない。,Brian Adamson / CC BY 2.0 / Wikimedia Commons,,,False,2026-09-27（前回の判定を継承）
P021,Madrid - 47803517992 - Aceitunas.jpg,条件付き使用候補,True,目視確認済,Brian Adamson,CC BY 2.0,https://creativecommons.org/licenses/by/2.0/,https://commons.wikimedia.org/wiki/File:Madrid_-_47803517992_-_Aceitunas.jpg,https://upload.wikimedia.org/wikipedia/commons/8/8c/Madrid_-_47803517992_-_Aceitunas.jpg,2019-04-21,3648×2736,Madrid・店名未確認,オリーブの販売台と具を組み合わせた串。,Campo Real認証オリーブとは確認できない。Flickr: https://www.flickr.com/photos/66391503@N00/47803517992/ 対象産品・調理法を確定できないので、対象料理の写真充足数には入れない。,Brian Adamson / CC BY 2.0 / Wikimedia Commons,M028,,False,2026-09-27（前回の判定を継承）
P022,Aceitunas aliñadas a la madrileña.jpg,条件付き使用候補,True,目視確認済,Tamorlan,CC BY 3.0,https://creativecommons.org/licenses/by/3.0/,https://commons.wikimedia.org/wiki/File:Aceitunas_ali%C3%B1adas_a_la_madrile%C3%B1a.jpg,https://upload.wikimedia.org/wikipedia/commons/1/15/Aceitunas_ali%C3%B1adas_a_la_madrile%C3%B1a.jpg,未確定,3888×2592,撮影地・店名未確認,黒いオリーブ、タマネギ、赤い粉末調味料を盛った皿。,マドリード風の原典説明。Campo Real認証品の証拠ではない。,Tamorlan / CC BY 3.0 / Wikimedia Commons,,,False,2026-09-27（前回の判定を継承）
P023,Berenjenas en vinagre-Lavapies.jpg,条件付き使用候補,True,目視確認済,Tamorlan,CC BY 3.0,https://creativecommons.org/licenses/by/3.0/,https://commons.wikimedia.org/wiki/File:Berenjenas_en_vinagre-Lavapies.jpg,https://upload.wikimedia.org/wikipedia/commons/b/b9/Berenjenas_en_vinagre-Lavapies.jpg,未確定,3888×2592,Lavapiés（ファイル名）・店舗未確認,売り場のトレーに並ぶ小ナスの酢漬け。,IGP Berenjena de Almagroの認証マークは確認できない。一般的な酢漬けの説明写真として扱う。,Tamorlan / CC BY 3.0 / Wikimedia Commons,M030,,False,2026-09-27（前回の判定を継承）
P024,Burrata @ Mercado de San Miguel (24752377418).jpg,条件付き使用候補,True,目視確認済,Dmitry Dzhus,CC BY 2.0,https://creativecommons.org/licenses/by/2.0/,https://commons.wikimedia.org/wiki/File:Burrata_%40_Mercado_de_San_Miguel_%2824752377418%29.jpg,https://upload.wikimedia.org/wikipedia/commons/3/35/Burrata_%40_Mercado_de_San_Miguel_%2824752377418%29.jpg,2017-10-04,4608×3456,Madrid・Mercado de San Miguel,パンにのせたブッラータと飲み物。,食材のトッピングは断定しない。イタリア系の市場料理の補助資料でありMadridの郷土チーズではない。,Dmitry Dzhus / CC BY 2.0 / Wikimedia Commons,,L23,False,2026-09-27（前回の判定を継承）
P025,Cazuela de chorizo - sshreeves.jpg,条件付き使用候補,True,目視確認済,Sarah Shreeves,CC BY 2.0,https://creativecommons.org/licenses/by/2.0/,https://commons.wikimedia.org/wiki/File:Cazuela_de_chorizo_-_sshreeves.jpg,https://upload.wikimedia.org/wikipedia/commons/3/3a/Cazuela_de_chorizo_-_sshreeves.jpg,2010-07-06,4000×3000,Madrid（原典座標）・店舗未確認,土鍋に入った輪切りチョリソー。,調理液がシドラかは未確認。chorizos a la sidraの完成写真としては使わず、チョリソーの補助写真にする。 対象産品・調理法を確定できないので、対象料理の写真充足数には入れない。,Sarah Shreeves / CC BY 2.0 / Wikimedia Commons,,,False,2026-09-27（前回の判定を継承）
P026,Chocolatería San Ginés (10512648395).jpg,条件付き使用候補,True,目視確認済,WeI-chieh Chiu,CC BY-SA 2.0,https://creativecommons.org/licenses/by-sa/2.0/,https://commons.wikimedia.org/wiki/File:Chocolater%C3%ADa_San_Gin%C3%A9s_%2810512648395%29.jpg,https://upload.wikimedia.org/wikipedia/commons/b/b7/Chocolater%C3%ADa_San_Gin%C3%A9s_%2810512648395%29.jpg,2013-10-04,4000×2248,Madrid・Chocolatería San Ginés,チュロス、太いポラス、カップのチョコレート。,組み合わせが分かる。写真当時の注文例であり現在のセット内容の証明ではない。,WeI-chieh Chiu / CC BY-SA 2.0 / Wikimedia Commons,"M061, M062, M092",,False,2026-09-27（前回の判定を継承）
P027,Croquetas de jamón - lacestabar.jpg,条件付き使用候補,True,目視確認済,La Cesta Bar Restaurante,CC BY 2.0,https://creativecommons.org/licenses/by/2.0/,https://commons.wikimedia.org/wiki/File:Croquetas_de_jam%C3%B3n_-_lacestabar.jpg,https://upload.wikimedia.org/wikipedia/commons/2/2c/Croquetas_de_jam%C3%B3n_-_lacestabar.jpg,2010-11-17,1024×799,La Cesta Bar Restaurante提供・Madridの投稿者,白い皿に盛ったハムのクロケタ。,店の現在営業や現在の商品を示す写真ではない。コシード入りクロケタへの流用不可。,La Cesta Bar Restaurante / CC BY 2.0 / Wikimedia Commons,M022,,False,2026-09-27（前回の判定を継承）
P028,Empanadas de Atún-2009.jpg,条件付き使用候補,True,目視確認済,Tamorlan,CC BY 3.0,https://creativecommons.org/licenses/by/3.0/,https://commons.wikimedia.org/wiki/File:Empanadas_de_At%C3%BAn-2009.jpg,https://upload.wikimedia.org/wikipedia/commons/e/e0/Empanadas_de_At%C3%BAn-2009.jpg,2009-09-05,3888×2592,Madrid・La Mallorquina,ツナ入りパイのエンパナーダ。,この写真はパイ生地。ガリシアのすべてのエンパナーダが同じ生地という説明は不可。,Tamorlan / CC BY 3.0 / Wikimedia Commons,M045,,False,2026-09-27（前回の判定を継承）
P029,GambasAjillo.jpg,条件付き使用候補,True,目視確認済,SKaRCHa,CC BY-SA 2.0,https://creativecommons.org/licenses/by-sa/2.0/,https://commons.wikimedia.org/wiki/File:GambasAjillo.jpg,https://upload.wikimedia.org/wikipedia/commons/1/17/GambasAjillo.jpg,2005-05-20,640×480,撮影地・店名未確認,土鍋のガンバス・アル・アヒージョ。,低解像度のため小さな補助写真向き。Casa del Abuelo撮影と断定しない。,SKaRCHa / CC BY-SA 2.0 / Wikimedia Commons,M024,,False,2026-09-27（前回の判定を継承）
P030,Huesos de San Expedito (Detalle)-2009.jpg,条件付き使用候補,True,目視確認済,Tamorlan,CC BY 3.0,https://creativecommons.org/licenses/by/3.0/,https://commons.wikimedia.org/wiki/File:Huesos_de_San_Expedito_%28Detalle%29-2009.jpg,https://upload.wikimedia.org/wikipedia/commons/4/40/Huesos_de_San_Expedito_%28Detalle%29-2009.jpg,未確定,3888×2592,撮影地・店名未確認,粉砂糖をまとった細長いサン・エスペディートの菓子。,ウエソス・デ・サントとは別の菓子。,Tamorlan / CC BY 3.0 / Wikimedia Commons,M083,,False,2026-09-27（前回の判定を継承）
P031,Las reputadas Patatas Bravas... @ Madrid.jpg,撮影地矛盾・採用保留,False,目視確認済,robertorodriguex,CC BY-SA 2.0,https://creativecommons.org/licenses/by-sa/2.0/,https://commons.wikimedia.org/wiki/File:Las_reputadas_Patatas_Bravas..._%40_Madrid.jpg,https://upload.wikimedia.org/wikipedia/commons/9/97/Las_reputadas_Patatas_Bravas..._%40_Madrid.jpg,2010-03-30,1600×1200,不一致：題名Madrid／座標はVienna,ソースをかけた角切りポテトとビール。,"原典題名はMadridだが座標48.180227,16.374548。Madrid現地写真として採用しない。一般料理写真への限定も要編集判断。",robertorodriguex / CC BY-SA 2.0 / Wikimedia Commons,,,False,2026-09-27（前回の判定を継承）
P032,Bartolillos de crema (La Mallorquina).jpg,条件付き使用候補,True,目視確認済,Tamorlan,CC BY 3.0,https://creativecommons.org/licenses/by/3.0/,https://commons.wikimedia.org/wiki/File:Bartolillos_de_crema_%28La_Mallorquina%29.jpg,https://upload.wikimedia.org/wikipedia/commons/a/a6/Bartolillos_de_crema_%28La_Mallorquina%29.jpg,2009-10-10,3888×2592,Madrid・La Mallorquina（原典カテゴリ）,粉砂糖をかけた三角形のバルトリージョ。,撮影日はEXIF。現在の店頭商品写真ではない。,Tamorlan / CC BY 3.0 / Wikimedia Commons,M064,,False,2026-09-27（前回の判定を継承）
P033,Bartolillos-Recién elaborados.jpg,条件付き使用候補,True,目視確認済,Tamorlan,CC BY 3.0,https://creativecommons.org/licenses/by/3.0/,https://commons.wikimedia.org/wiki/File:Bartolillos-Reci%C3%A9n_elaborados.jpg,https://upload.wikimedia.org/wikipedia/commons/f/fa/Bartolillos-Reci%C3%A9n_elaborados.jpg,未確定,3888×2592,作業場・店名未確認,揚げ上がって油を切っているバルトリージョ。,P032と同じ店の連続工程だとは断定しない。,Tamorlan / CC BY 3.0 / Wikimedia Commons,M064,,False,2026-09-27（前回の判定を継承）
P034,Freir- Bartolillos.jpg,条件付き使用候補,True,目視確認済,Tamorlan,CC BY 3.0,https://creativecommons.org/licenses/by/3.0/,https://commons.wikimedia.org/wiki/File:Freir-_Bartolillos.jpg,https://upload.wikimedia.org/wikipedia/commons/6/60/Freir-_Bartolillos.jpg,未確定,3888×2592,作業場・店名未確認,大鍋でバルトリージョを揚げる工程。,記事の調理説明に有用。店舗の帰属は未確認。,Tamorlan / CC BY 3.0 / Wikimedia Commons,M064,,False,2026-09-27（前回の判定を継承）
P035,Napolitanas - 2008.JPG,条件付き使用候補,True,目視確認済,Tamorlan,CC BY 3.0,https://creativecommons.org/licenses/by/3.0/,https://commons.wikimedia.org/wiki/File:Napolitanas_-_2008.JPG,https://upload.wikimedia.org/wikipedia/commons/f/f6/Napolitanas_-_2008.JPG,2008-06-10,3888×2592,撮影地・店名未確認,売り場に並ぶナポリターナ。,商品札の古い価格は現行価格として使わない。La Mallorquina製とは未確認。,Tamorlan / CC BY 3.0 / Wikimedia Commons,M072,,False,2026-09-27（前回の判定を継承）
P036,Panecillos de San Antón-2010 (Marquesita).jpg,条件付き使用候補,True,目視確認済,Tamorlan,CC BY 3.0,https://creativecommons.org/licenses/by/3.0/,https://commons.wikimedia.org/wiki/File:Panecillos_de_San_Ant%C3%B3n-2010_%28Marquesita%29.jpg,https://upload.wikimedia.org/wikipedia/commons/a/af/Panecillos_de_San_Ant%C3%B3n-2010_%28Marquesita%29.jpg,未確定,3888×2592,La Marquesita（原典説明）,十字の模様が付いたサン・アントンの焼き菓子。,2010年ファイル名。現在営業の証拠にはしない。,Tamorlan / CC BY 3.0 / Wikimedia Commons,M066,,False,2026-09-27（前回の判定を継承）
P037,Pepito de ternera-2009.jpg,条件付き使用候補,True,目視確認済,Tamorlan,CC BY 3.0,https://creativecommons.org/licenses/by/3.0/,https://commons.wikimedia.org/wiki/File:Pepito_de_ternera-2009.jpg,https://upload.wikimedia.org/wikipedia/commons/a/a4/Pepito_de_ternera-2009.jpg,未確定,3888×2592,Madrid・Pepito fornos（原典説明）,牛肉を挟んだペピートのパン。,2009年ファイル名。現在の特定店の商品に紐付けない。,Tamorlan / CC BY 3.0 / Wikimedia Commons,M008,,False,2026-09-27（前回の判定を継承）
P038,豚耳の鉄板焼き（Oreja de Oro）,条件付き使用候補,True,確認済,Tamorlan,CC BY 3.0,https://creativecommons.org/licenses/by/3.0/,https://commons.wikimedia.org/wiki/File:Oreja_a_la_plancha-Oreja_de_Oro.jpg,https://thumb.wikimedia.org/wikipedia/commons/thumb/b/b2/Oreja_a_la_plancha-Oreja_de_Oro.jpg/960px-Oreja_a_la_plancha-Oreja_de_Oro.jpg,撮影日未確認。2009-09-22アップロード,3888×2592,原典説明：マドリードのOreja de Oro,豚耳の鉄板焼き。原典はマドリードのOreja de Oroの料理と説明。,古い料理写真。現在の盛り付け・営業・メニューの証拠にはしない。作者表示、出典・ライセンスリンク、加工表示が必要。,Tamorlan / CC BY 3.0 / 原典ページを併記,M007,,False,2026-09-27（前回の判定を継承）
P039,ラ・マヨルキーナのトリハス,条件付き使用候補,True,確認済,Tamorlan,CC BY-SA 3.0,https://creativecommons.org/licenses/by-sa/3.0/,https://commons.wikimedia.org/wiki/File:Torrijas_(Malloquina).jpg,https://thumb.wikimedia.org/wikipedia/commons/thumb/0/09/Torrijas_%28Malloquina%29.jpg/960px-Torrijas_%28Malloquina%29.jpg,撮影日未確認。2010-03-20アップロード,3888×2592,原典説明：マドリードのLa Mallorquina,ラ・マヨルキーナの店頭に並ぶトリハス。古い記録写真。,写真内の値札を現在価格として使わない。CC BY-SAの継承条件、作者・出典・ライセンス表示、加工表示を確認。,Tamorlan / CC BY-SA 3.0 / 原典ページを併記,M063,L02,False,2026-09-27（前回の判定を継承）
P040,トリハとフォーク（一般的な料理写真）,条件付き使用候補,True,確認済,Eduardo / tnarik,CC BY-SA 2.0,https://creativecommons.org/licenses/by-sa/2.0/,https://commons.wikimedia.org/wiki/File:Torrija_y_tenedor.jpg,https://thumb.wikimedia.org/wikipedia/commons/thumb/a/a2/Torrija_y_tenedor.jpg/960px-Torrija_y_tenedor.jpg,2009-04-12（原典記載）,3072×2304,マドリードで撮影されたことは未確認,皿に盛られたトリハ。料理の姿を説明する参考写真。,マドリード現地の店の料理とは書かない。Flickr由来、Commonsの権利レビューを確認。Flickr原典の現在表示は再取得できず。,Eduardo / tnarik / CC BY-SA 2.0 / 原典ページを併記,M063,,False,2026-09-27（前回の判定を継承）
P041,ウエソス・デ・サント（別原典の代替候補）,条件付き使用候補,True,確認済,Tamorlan,CC BY 3.0,https://creativecommons.org/licenses/by/3.0/,https://commons.wikimedia.org/wiki/File:Huesitos_del_Santo.jpg,https://thumb.wikimedia.org/wikipedia/commons/thumb/d/d1/Huesitos_del_Santo.jpg/960px-Huesitos_del_Santo.jpg,2009-10-17（Exif）,3888×2592,撮影店舗・都市未確認,筒形のウエソス・デ・サントが並ぶ。,既存P017とは別ファイル。P017の権利保留を解除したわけではない。特定のマドリード店と結び付けない。,Tamorlan / CC BY 3.0 / 原典ページを併記,M068,,False,2026-09-27（前回の判定を継承）
P042,アルカラのコストラーダ・全体,条件付き使用候補,True,確認済,Raimundo Pastor,CC BY-SA 4.0,https://creativecommons.org/licenses/by-sa/4.0/,https://commons.wikimedia.org/wiki/File:Costrada_de_Alcal%C3%A1_de_Henares_(RPS_18-12-2012).png,https://thumb.wikimedia.org/wikipedia/commons/thumb/8/82/Costrada_de_Alcal%C3%A1_de_Henares_%28RPS_18-12-2012%29.png/960px-Costrada_de_Alcal%C3%A1_de_Henares_%28RPS_18-12-2012%29.png,2012-12-18（原典記載）,1547×1076,料理名はアルカラ・デ・エナレス。店名未確認,アルカラ・デ・エナレスの菓子、コストラーダの全体像。,P043とは撮影日が異なる。ひとつのケーキを切った連続工程写真として扱わない。,Raimundo Pastor / CC BY-SA 4.0 / 原典ページを併記,M082,L27,False,2026-09-27（前回の判定を継承）
P043,アルカラのコストラーダ・断面,条件付き使用候補,True,確認済,Raimundo Pastor,CC BY-SA 4.0,https://creativecommons.org/licenses/by-sa/4.0/,https://commons.wikimedia.org/wiki/File:Costrada_de_Alcal%C3%A1_Henares_(RPS_08-11-2014)_porci%C3%B3n.png,https://thumb.wikimedia.org/wikipedia/commons/thumb/b/b1/Costrada_de_Alcal%C3%A1_Henares_%28RPS_08-11-2014%29_porci%C3%B3n.png/960px-Costrada_de_Alcal%C3%A1_Henares_%28RPS_08-11-2014%29_porci%C3%B3n.png,2014-11-08（原典記載）,3855×1976,料理名はアルカラ・デ・エナレス。店名未確認,コストラーダの断面。生地とクリームの層が見える。,写真からすべての材料を断定しない。白い層の材料や配合は作り手ごとに確認。P042と同じ個体ではない。,Raimundo Pastor / CC BY-SA 4.0 / 原典ページを併記,M082,L27,False,2026-09-27（前回の判定を継承）
P044,ロスキージャス・デ・アルカラ（追補候補）,条件付き使用候補,True,確認済,Tamorlan,CC BY 3.0,https://creativecommons.org/licenses/by/3.0/,https://commons.wikimedia.org/wiki/File:Rosquillas_de_Alcal%C3%A1-2009.jpg,https://thumb.wikimedia.org/wikipedia/commons/thumb/7/73/Rosquillas_de_Alcal%C3%A1-2009.jpg/960px-Rosquillas_de_Alcal%C3%A1-2009.jpg,2009-08-10（Exif）,3888×2592,料理名はアルカラ。撮影店舗未確認,表面につやのある輪形のロスキージャス・デ・アルカラ。,サン・イシドロのロスキージャスM065と同じ菓子として代用しない。100品の内訳を勝手に変更せず、追補候補とする。,Tamorlan / CC BY 3.0 / 原典ページを併記,,L27,False,2026-09-27（前回の判定を継承）
P045,マヨール広場周辺のアーチ（Unsplash）,ライセンス確認済・目視未了,False,未確認,Alex Quezada / @alex_quezada,Unsplash License,https://unsplash.com/license,https://unsplash.com/photos/an-archway-between-two-buildings-in-a-city-hjrbxmVuSis,,2022-04-07公開。撮影日未確認,未確認,ページの場所情報：Madrid,アーチを写した都市写真の候補。被写体の最終同定は未了。,プレビュー取得に失敗。採用可の写真に数えない。Unsplashライセンスと第三者の権利は別に確認。,Alex Quezada / @alex_quezada / Unsplash License / 原典ページを併記,,L01,False,2026-09-27（前回の判定を継承）
P046,ラ・ボラの土鍋と炭火（店公式）,参考のみ・転載は許諾待ち,False,確認済,撮影者不明／掲載元La Bola,商用転載許諾未確認,,https://labola.es/en,https://labola.es/_next/image?q=75&url=%2Fimg%2Fweb%2Fpucheros-cocido.jpg&w=3840,撮影日未確認,原画像寸法未確認,La Bola公式の調理写真,炭火の上に並ぶコシードの土鍋。調理法の参考資料。,店公式に掲載されているだけでは転載自由ではない。商用転載許諾を得るまで記事用素材に数えない。,撮影者不明／掲載元La Bola / 商用転載許諾未確認 / 原典ページを併記,M001,"L03, L04",False,2026-09-27（前回の判定を継承）
P047,ラ・ボラのコシード一式（店公式）,参考のみ・転載は許諾待ち,False,確認済,撮影者不明／掲載元La Bola,商用転載許諾未確認,,https://labola.es/en,https://labola.es/_next/image?q=75&url=%2Fimg%2Fweb%2FDSC_0439.jpg&w=3840,撮影日未確認,原画像寸法未確認,La Bola公式の料理写真,土鍋、スープ、具を組み合わせたコシードの紹介写真。,写真の皿数から提供回数を数えない。La Bolaは本文で2段階の提供を説明。転載許諾は別途必要。,撮影者不明／掲載元La Bola / 商用転載許諾未確認 / 原典ページを併記,M001,"L03, L04",False,2026-09-27（前回の判定を継承）
P048,王宮の王室厨房（市観光局掲載）,参考のみ・転載は許諾待ち,False,確認済,撮影者・権利者は要照会／掲載元esmadrid,商用転載許諾未確認,,https://www.esmadrid.com/informacion-turistica/palacio-real,https://estaticos.esmadrid.com/cdn/farfuture/56bDmm51zWEqtzUOtLKTKS1YaszMqLR0-hr6wpCDUYQ/mtime%3A1646729446/sites/default/files/styles/content_type_full/public/recursosturisticos/infoturistica/realcocina.jpg?itok=bLaBURnZ,撮影日未確認,表示画像660×335,マドリード王宮・Real Cocina,銅製の調理器具と設備が並ぶ王室厨房。,市観光局掲載は自由転載許可ではない。撮影者・権利者・許諾範囲を問い合わせる。,撮影者・権利者は要照会／掲載元esmadrid / 商用転載許諾未確認 / 原典ページを併記,,L04,False,2026-09-27（前回の判定を継承）
P049,トルティージャ（Flickr調査候補）,非商用限定・商用記事から除外,False,未確認,Antonio Delgado,CC BY-NC-SA 2.0,https://creativecommons.org/licenses/by-nc-sa/2.0/,https://www.flickr.com/photos/adelgado/12500761385/,,撮影2013-09-17／公開2014-02-13,未確認,現在の店名・提供状況未確認,料理写真の探索候補。,非商用条件があるため営利サイトへの転載候補には入れない。料理の見た目・現地性の最終確認も未了。,Antonio Delgado / CC BY-NC-SA 2.0 / 原典ページを併記,M023,,False,2026-09-27（前回の判定を継承）
P050,トリハ（Flickr調査候補）,非商用限定・商用記事から除外,False,未確認,Javier Collado Jiménez,CC BY-NC-SA 2.0,https://creativecommons.org/licenses/by-nc-sa/2.0/,https://www.flickr.com/photos/colladoman/13193035543/,,2014-03-16（原典記載）,未確認,マドリード現地性未確認,トリハの探索候補。,非商用条件があるため営利サイトへの転載候補には入れない。タグだけで撮影場所を確定しない。,Javier Collado Jiménez / CC BY-NC-SA 2.0 / 原典ページを併記,M063,,False,2026-09-27（前回の判定を継承）
P051,棒に羊の腸を巻いたサラホス,条件付き使用候補,True,今回確認済,Tamorlan,CC BY-SA 3.0,https://creativecommons.org/licenses/by-sa/3.0/,https://commons.wikimedia.org/wiki/File:Zarajos.jpg,https://upload.wikimedia.org/wikipedia/commons/2/2a/Zarajos.jpg,2008-08-17,3888 × 2592,撮影地未確認。店舗・Madridを裏付けない。,棒に羊の腸を巻いたサラホス。形状を示す参考写真（2008年）。加熱段階・撮影店は未確認。,ケース内の成形品。揚げたての完成皿、Casa Enriquetaの現行商品とは説明しない。,Tamorlan / Wikimedia Commons / CC BY-SA 3.0（変更する場合は内容を追記）,M006,,False,2026-09-28
P052,パタタス・ブラバス（Lavapiesという題名）,条件付き使用候補,True,今回確認済,Tamorlan,CC BY 3.0,https://creativecommons.org/licenses/by/3.0/,https://commons.wikimedia.org/wiki/File:Patatas_bravas-Lavapies.jpg,https://upload.wikimedia.org/wikipedia/commons/6/6c/Patatas_bravas-Lavapies.jpg,2009-07-26,3888 × 2592,原題にLavapies。店名・GPSの独立確認なし。,大きめに切ったジャガイモに赤いソースをかけたブラバス（2009年）。撮影店は未確認。,P031とは別原典。赤い外観だけでトマト／ケチャップ入りと断定しない。やや暗めなので明るさ調整時は変更を明記する。 原画像リンクは原典に存在するが、この環境では原画像の読み込みがタイムアウト。目視は1280pxプレビューで実施。,Tamorlan / Wikimedia Commons / CC BY 3.0（変更する場合は内容を追記）,M021,,False,2026-09-28
