id,jp,es,area,see,pairing,time,time_kind,status,caution,sources,photo_ids,update
L01,マヨール広場,Plaza Mayor,旧市街,回廊に囲まれた広場そのものと、広場から枝分かれする小路を見る。風景だけで終わらず、イカサンドを食べる場として紹介できる。,イカフライのサンドイッチ,45–75分,編集上の目安・移動時間未実測,通年の散策候補,広場の店すべてで同じ品質・価格という意味ではない。写真だけで店名を決めない。,"S48, S23",P045,
L02,プエルタ・デル・ソル,Puerta del Sol,ソル,中心広場から菓子店やバルへ歩ける。名物の風景と、La MallorquinaやCasa Labraの食を同じ章で扱える。,ナポリターナ／タラの衣揚げ,30–60分,編集上の目安・移動時間未実測,通年の散策候補,ナポリターナをマドリード独自の発明とはしない。売り場の古写真は現在の価格資料ではない。,"S62, S39, S70",P039,
L03,マドリード王宮,Palacio Real de Madrid,王宮周辺,豪華な室内と建物の規模を楽しむ中心名所。食文化の記事では王室の食事を支えた厨房へ話をつなげる。,コシード,1.5–2.5時間,編集上の目安・移動時間未実測,事前予約を組み込む候補,式典等の閉鎖あり。通常見学に厨房が含まれると書かない。,"S42, S41","P046, P047",
L04,王室厨房,Real Cocina,王宮内,王宮の王室厨房をガイド付きで見る。王宮の表舞台とは別に、食事を支えた調理空間へ目を向ける。,La Bolaの土鍋コシード,厨房ガイド約45分（管理者公式）。王宮の自由見学時間は別。,施設公式（厨房ガイド部分）,公式予約ページで見学販売を確認。厨房のみ基本8€／王宮＋厨房基本24€。予約画面には0.77€の予約料表示。,ネット購入のガイドはスペイン語。セット券の選択時刻は厨房開始。式典による追加休場あり。個人撮影の許可と商用写真利用は別。,"S42, S41, S71","P046, P047, P048",公式予約条件を具体化（2026-09-28確認）。税込等の推定はせず、最終支払額・空席を予約画面で確認。
L05,アルムデナ大聖堂,Catedral de la Almudena,王宮周辺,王宮と向かい合う大聖堂。建物見学に、守護聖母の祝日と結び付いた輪形菓子の話を添えられる。,コロナ・デ・ラ・アルムデナ,45–75分,編集上の目安・移動時間未実測,菓子は11月9日前後,大聖堂の古さと菓子の古さを混同しない。菓子は1980年代に誕生したと市が説明。,"S68, S02, S20",,
L06,王室コレクション・ギャラリー,Galería de las Colecciones Reales,王宮周辺,王宮隣接のコレクション展示。建設時に見つかった古い城壁も、宮殿の豪華さとは違う街の歴史を見せる題材になる。,王宮周辺でコシード／菓子休憩,1.5–2時間,編集上の目安・移動時間未実測,展示・予約確認,王宮と同じ入場券だと断定しない。館内美術品写真は別途権利確認。,S43,,
L07,カンポ・デル・モーロ庭園,Jardines del Campo del Moro,王宮西側,王宮を背景にした庭園景観。高台からの眺めだけでなく、庭園の中を歩く場面を加える。,見学後のチョコレート休憩,45–90分,編集上の目安・移動時間未実測,天候・開園情報確認,王宮前からすぐ庭園へ下りられると思い込まず、入口と回り道を確認。飲食場所の提案は編集案。,"S67, S42",,
L08,プラド美術館,Museo Nacional del Prado,プラド周辺,絵画を中心に見たい人の柱にする。食の長編では静物画を探すという鑑賞テーマも編集案として加えられる。,見学後にラス・レトラス地区で食事,2–3時間,編集上の目安・移動時間未実測,日時指定枠を確認,特定作品の常設展示を保証しない。静物画の個別作品を載せる場合は作品ページを追加確認。,"S49, S66, S06, S82, S83",,スルバラン《器のある静物》を食文化の補助テーマに追加。ただし収蔵作品が当日展示されるとは保証しない。
L09,ソフィア王妃芸術センター,Museo Reina Sofía,アトーチャ／ラバピエス寄り,近現代美術の見学と、生活感のある市場・飲食街の散策を組み合わせる。プラドとは鑑賞の軸を分ける。,アントン・マルティン市場の食事,2–3時間,編集上の目安・移動時間未実測,展示・休館日確認,一日で三大美術館を全部回る固定ルートにはしない。作品の著作権と建物写真の権利は別。,"S50, S47",,
L10,ティッセン美術館,Museo Nacional Thyssen-Bornemisza,プラド周辺,幅広い絵画の流れを見たい人向け。プラド・レティーロとの組合せを選択式にして、館数を詰め込みすぎない。,美術館周辺で軽いバル料理,1.5–2.5時間,編集上の目安・移動時間未実測,日時・展示確認,周辺料理は散策の提案であり館内提供メニューではない。,"S51, S40",,
L11,レティーロ公園,Parque de El Retiro,レティーロ,池や並木を歩き、食事と美術館の合間に屋外の場面を作る。公園の見学と園内施設の開館は別に整理する。,公園周辺で朝食／軽食,1–2時間,編集上の目安・移動時間未実測,悪天候時の閉園情報確認,チュロス店が園内にあると断定しない。台風・強風等の警報では当日の公式情報を優先。,S44,,
L12,クリスタル宮殿,Palacio de Cristal,レティーロ,1887年に植物展示の温室として建てられたガラスと鉄の建物。名前から王室の住居と思わせない紹介ができる。,レティーロ散策と組合せ,周辺立寄りのみを想定,編集上の目安・移動時間未実測,工事で一時閉館、公式は2027年までと案内,透明な内部を見学できると書かない。工事前の写真は過去の姿と明記。覆いのアート作品は別案内を確認。,S45,,
L13,アルカラ門,Puerta de Alcalá,レティーロ北西,公園と街路をつなぐ歴史的な門。レティーロ散策の始点・終点として章内に置きやすい。,サラマンカ地区の市場・菓子へ,15–30分,編集上の目安・移動時間未実測,屋外の立寄り候補,門を眺める場面と市場までの移動を分ける。厳密な徒歩分数は未測定。,"S61, S47",,
L14,シベーレス宮殿と展望台,Palacio de Cibeles / CentroCentro,シベーレス,旧郵便関連施設の建物と8階のMirador Madrid。6階の飲食テラスとは目的が違うため、写真撮影と飲食を別に紹介する。,展望の後にカフェ／軽食,45–90分,編集上の目安・移動時間未実測,建物・展望台・飲食施設で条件が異なる,噴水は修復足場の告知あり。展望台入場料と飲食代を混同せず、足場なしの景色を保証しない。,"S63, S64",,
L15,グラン・ビア,Gran Vía,ソル／グラン・ビア,大通りの建築、看板、劇場街を歩く。昼の旧市街とは異なる夜の街の景色を入れるための候補。,夕食前後に小皿料理,45–90分,編集上の目安・移動時間未実測,夜の散策候補,飲食は周辺を含む編集提案。どの屋上でも自由に上れるとは案内しない。,"S60, S40",,
L16,デボー神殿,Templo de Debod,プラサ・デ・エスパーニャ西側,エジプトから移され、1972年に現在地で公開された古代神殿。『スペインにエジプトの神殿』という明確な見どころがある。,前後にプリンシペ・ピオ方面で食事,30–60分,編集上の目安・移動時間未実測,屋外と内部の条件は別確認,夕景の時間は季節次第。古写真の水面反射が現在も見られると保証しない。,"S54, S08",,
L17,エル・ラストロ,El Rastro,ラ・ラティーナ／エンバハドーレス,日曜・祝日の屋外市を見て、昼のバルへつなぐ。常設の骨董店と露店を区別すると曜日の失敗を防げる。,ベルムット／カタツムリ／小皿,1.5–2.5時間,編集上の目安・移動時間未実測,日曜・祝日が中心,市場の開催と各飲食店の営業は別。無料の添え物と注文料理を混同しない。,"S52, S65",,
L18,ラ・ラティーナとカバ・バハ,La Latina / Cava Baja,旧市街南西,バルや広場を巡る街歩きそのものを名所として扱う。Rastroの日の昼と、通常の夕食時を分けて紹介できる。,ウエボス・ロトス／カジョス,1–2時間＋食事,編集上の目安・移動時間未実測,曜日と店の提供時間確認,地区全体の料理を一店舗の名物のように扱わない。,"S65, S40",,
L19,ラス・レトラス地区,Barrio de Las Letras,ソルとプラドの間,サンタ・アナ広場や文学者ゆかりの通りを歩く。美術館と老舗酒場の間に挟める散策地区。,Casa Albertoの煮込み／クロケッタ,45–90分＋食事,編集上の目安・移動時間未実測,通年の散策候補,著名人が実際に何を食べたかは別史料なしに書かない。,"S66, S06",,
L20,カルボネラス修道院の菓子,Convento de las Carboneras,マヨール広場近く,修道院と焼き菓子を合わせた小さな寄り道。市の伝統菓子案内が紹介する手作り菓子を調査の入口にする。,修道院のクッキー類,15–30分,編集上の目安・移動時間未実測,販売時間・在庫未確認,教会の見学時間と菓子の販売時間は同一としない。現行の購入方法・写真転載許可は未確認。,S02,,
L21,サン・アントニオ・デ・ラ・フロリダ礼拝堂,Ermita de San Antonio de la Florida,プリンシペ・ピオ北西,ゴヤのフレスコ画を見上げる礼拝堂。近くのCasa Mingoのローストチキンとつなぐと、美術館だけでないゴヤ案内になる。,Casa Mingoの鶏の丸焼き＋シドラ,45–60分＋食事,編集上の目安・移動時間未実測,保存工事後の再開案内を確認,1月17日のSan Antónのパンとは別の聖人・行事。シドラはアストゥリアス文化との関係を明示。,"S53, S08",,
L22,マドリード・リオ,Madrid Río,マンサナーレス川沿い,川沿いの散策・橋・文化施設を選んで見る。中心街の建物が続く記事に、広い屋外の場面を入れる。,散策前後の軽食,1–2時間,編集上の目安・移動時間未実測,歩く区間を限定する,広い公園全体を短時間で一周できると書かない。食事は周辺利用の提案。,S55,,
L23,サン・ミゲル市場,Mercado de San Miguel,マヨール広場西側,一つの空間でスペイン各地の料理を選ぶ食の名所。『マドリード産だけの市場』ではなく全国の味が集まる場所として描く。,ハム／魚介／米料理などを選択,45–90分,編集上の目安・移動時間未実測,2026年2月26日の再開を公式確認,年初の休業情報をそのまま掲載しない。市場全体の再開と個々の出店者の当日提供は別。,"S46, S47, S13",P024,
L24,サン・アントン市場,Mercado de San Antón,チュエカ,食材売場と飲食を組み合わせる市場。San Antónという名前を、同名の祭礼菓子の常設販売保証と結び付けない。,売場で確認した小皿・軽食,45–75分,編集上の目安・移動時間未実測,各売場・飲食店の営業確認,市場・店舗の入替えや階別営業時間は当日案内を確認。,S47,,
L25,アントン・マルティン市場,Mercado de Antón Martín,ラス・レトラス南／ラバピエス北,伝統的な市場機能と多国籍の飲食店が共存する場所。郷土料理だけに絞らない現在の街を紹介できる。,市場の小皿料理・各地の料理,45–90分,編集上の目安・移動時間未実測,個店ごとの営業確認,全ての店をスペイン料理店として紹介しない。,S47,,
L26,ラ・パス市場,Mercado de la Paz,サラマンカ地区,買物と食事を合わせる地区の市場。観光用の料理写真だけでなく、売場や食材の写真を加える調査先。,トルティージャ／チーズ等を現地メニューで確認,45–75分,編集上の目安・移動時間未実測,個店ごとの営業確認,売場のチーズがCampo Real産かは商品表示で確認。市場写真から原産地認証は判定しない。,S47,,
L27,アルカラ・デ・エナレス,Alcalá de Henares,マドリード州・東側,大学とセルバンテスゆかりの街歩きに、コストラーダ、ロスキージャ、修道院のアーモンド菓子を添える。名所と菓子の結び付きが強い日帰り候補。,コストラーダ／ロスキージャ・デ・アルカラ,半日〜1日,編集上の目安・移動時間未実測,市内観光とは別枠,マドリード市内ではない。コストラーダの考案者は一説に断定しない。,"S56, S36, S73, S74, S75","P042, P043, P044",コストラーダの地域性を市公式で補強。起源の年・店名は未確定。
L28,アランフエス,Aranjuez,マドリード州・南側,王宮と庭園だけでなく、周囲の菜園が生む食材を紹介する。イチゴやアスパラガスを庭園の町の食として扱う。,地元産イチゴ／アスパラガス,半日〜1日,編集上の目安・移動時間未実測,旬と地元産の入荷を確認,売られている全てのイチゴが地元産とは限らない。季節外の入荷や産地は店に確認。,"S57, S76, S77",,菜園の食材を生産者資料で補強。春の緑アスパラガス、小さなfresaとfresónの違い。
L29,チンチョン,Chinchón,マドリード州・南東側,緑色の木のバルコニーが並ぶ中央広場と、アニスやニンニクの土地の食を組み合わせる。街並みと特産品が一緒に伝わる。,アニス／仔羊・仔豚の焼き物,半日〜1日,編集上の目安・移動時間未実測,移動手段と帰路確認,アニスは酒。飲めない人には料理・菓子を中心に。城の内部見学は前提にしない。,S58,,
L30,サン・ロレンソ・デ・エル・エスコリアル,San Lorenzo de El Escorial,マドリード州・北西側,大規模な修道院・宮殿の複合施設を見学する日帰り候補。中心街と違う山側の景色を加えられる。,周辺でカスティーリャ系の焼き物,半日〜1日,編集上の目安・移動時間未実測,施設予約・帰路確認,焼き物をこの町だけの発祥料理としない。料理の現行提供店は未確定。,S59,,
