id,title,url,kind,date,review,scope
S01,マドリードの郷土料理（市公式・ドイツ語）,https://www.esmadrid.com/de/madrider-gastronomie,既存資料,2026-09-27,前回調査から継承・2026-09-27,"種別：市観光局／確認日：2026-09-27
郷土料理とスペイン各地から受容した料理を区別する。
関連部分を閲覧。全文の翻訳・独立した全記述の検証ではない。"
S02,伝統菓子（市公式・スペイン語）,https://www.esmadrid.com/reposteria-tradicional,既存資料,2026-09-27,前回調査から継承・2026-09-27,"種別：市観光局／確認日：2026-09-27
季節菓子の整理。創業年など一部は店公式との照合が必要。
関連部分を閲覧。全文の翻訳・独立した全記述の検証ではない。"
S03,Casa Enriqueta 公式メニュー,https://gallinejasenriqueta.es/nuestra-carta-la-carta,既存資料,2026-09-27,前回調査から継承・2026-09-27,"種別：店舗公式／確認日：2026-09-27
羊の部位説明・実売メニュー。全品の発祥を証明する資料ではない。
関連部分を閲覧。全文の翻訳・独立した全記述の検証ではない。 同サイトの /menus には未編集のテンプレートらしい料理・ドル価格が混在するため、資料として採用しない。"
S04,Lhardy 公式メニュー,https://lhardy.com/carta/,既存資料,2026-09-27,前回調査から継承・2026-09-27,"種別：店舗公式／確認日：2026-09-27
店固有の料理・価格。一般的な相場と同一視しない。
関連部分を閲覧。全文の翻訳・独立した全記述の検証ではない。"
S05,Lhardy 店舗・販売情報,https://lhardy.com/,既存資料,2026-09-27,前回調査から継承・2026-09-27,"種別：店舗公式／確認日：2026-09-27
コンソメの販売など。
関連部分を閲覧。全文の翻訳・独立した全記述の検証ではない。"
S06,Casa Alberto 公式メニュー,https://www.casaalberto.es/carta-restaurante-en?idIdioma=2,既存資料,2026-09-27,前回調査から継承・2026-09-27,"種別：店舗公式／確認日：2026-09-27
現地での提供確認。味・発祥の証明は別途。
関連部分を閲覧。全文の翻訳・独立した全記述の検証ではない。"
S07,Casa Ciriaco 公式メニュー,https://www.casaciriaco.es/carta-restaurante,既存資料,2026-09-27,前回調査から継承・2026-09-27,"種別：店舗公式／確認日：2026-09-27

関連部分を閲覧。全文の翻訳・独立した全記述の検証ではない。"
S08,Casa Mingo 公式サイト,https://www.casamingo.es/,既存資料,2026-09-27,前回調査から継承・2026-09-27,"種別：店舗公式／確認日：2026-09-27
名物のローストチキンとシドラ。メニューページ取得は失敗したため価格未採録。
関連部分を閲覧。全文の翻訳・独立した全記述の検証ではない。"
S09,El Escarpín 公式料理・価格一覧,https://elescarpinsidreria.com/,既存資料,2026-09-27,前回調査から継承・2026-09-27,"種別：店舗公式／確認日：2026-09-27
マドリード中心部のアストゥリアス料理店。
関連部分を閲覧。全文の翻訳・独立した全記述の検証ではない。"
S10,La Mallorquina 菓子パン一覧,https://pastelerialamallorquina.es/bolleria/,既存資料,2026-09-27,前回調査から継承・2026-09-27,"種別：製造販売元／確認日：2026-09-27
オンライン販売価格。店頭1個売りの価格とは分ける。
関連部分を閲覧。全文の翻訳・独立した全記述の検証ではない。"
S11,La Mallorquina 塩味商品一覧,https://pastelerialamallorquina.es/salados/,既存資料,2026-09-27,前回調査から継承・2026-09-27,"種別：製造販売元／確認日：2026-09-27

関連部分を閲覧。全文の翻訳・独立した全記述の検証ではない。"
S12,La Mallorquina 特製菓子一覧,https://pastelerialamallorquina.es/especialidades/,既存資料,2026-09-27,前回調査から継承・2026-09-27,"種別：製造販売元／確認日：2026-09-27

関連部分を閲覧。全文の翻訳・独立した全記述の検証ではない。"
S13,San Miguel市場 出店者一覧,https://mercadodesanmiguel.es/puestos/,既存資料,2026-09-27,前回調査から継承・2026-09-27,"種別：市場公式／確認日：2026-09-27
写真使用許諾を兼ねない。
関連部分を閲覧。全文の翻訳・独立した全記述の検証ではない。"
S14,La Caníbal 公式サイト,https://lacanibal.com/,既存資料,2026-09-27,前回調査から継承・2026-09-27,"種別：店舗・醸造者公式／確認日：2026-09-27
マドリードのクラフトビール。
関連部分を閲覧。全文の翻訳・独立した全記述の検証ではない。"
S15,Casa del Abuelo 公式サイト,https://www.lacasadelabuelo.es/,既存資料,2026-09-27,前回調査から継承・2026-09-27,"種別：店舗公式／確認日：2026-09-27
ガンバスの店。自社ワインはToro産でありMadrid産ではない。
関連部分を閲覧。全文の翻訳・独立した全記述の検証ではない。"
S16,ガリネハスとエントレシホス,https://blog.esmadrid.com/blog/es/2025/11/13/gallinejas-y-entresijos-el-madrid-castizo/,既存資料,2026-09-27,前回調査から継承・2026-09-27,"種別：市観光局・専門団体／確認日：2026-09-27
2025-11-13。部位・揚げ方・祭りとの関係。
関連部分を閲覧。全文の翻訳・独立した全記述の検証ではない。"
S17,市観光局・料理人協力のレシピ集,https://www.esmadrid.com/recetas-madrid,既存資料,2026-09-28,今回も該当箇所を確認（前回から継承）,"種別：市観光局／確認日：2026-09-27
個別レシピへの入口。記事内リンクの飲食店は営業再確認が必要。
関連部分を閲覧。全文の翻訳・独立した全記述の検証ではない。"
S18,La Claveのコシードと各店の違い,https://www.esmadrid.com/cocidos-madrid-receta-la-clave,既存資料,2026-09-27,前回調査から継承・2026-09-27,"種別：市観光局・料理人提供／確認日：2026-09-27
歴史の系譜は断定を避ける。La Claveは4回に分ける例。
関連部分を閲覧。全文の翻訳・独立した全記述の検証ではない。"
S19,Botínのニンニクスープなど,https://www.esmadrid.com/sopas-madrid-receta-casa-botin,既存資料,2026-09-27,前回調査から継承・2026-09-27,"種別：市観光局・料理人提供／確認日：2026-09-27

関連部分を閲覧。全文の翻訳・独立した全記述の検証ではない。"
S20,El Riojanoのコロナ・デ・ラ・アルムデナ,https://www.esmadrid.com/corona-almudena-madrid-receta-el-riojano,既存資料,2026-09-27,前回調査から継承・2026-09-27,"種別：市観光局・製造者提供／確認日：2026-09-27

関連部分を閲覧。全文の翻訳・独立した全記述の検証ではない。"
S21,La Mallorquinaのブニュエロス,https://www.esmadrid.com/bu%C3%B1uelos-viento-madrid-la-mallorquina,既存資料,2026-09-27,前回調査から継承・2026-09-27,"種別：市観光局・製造者提供／確認日：2026-09-27

関連部分を閲覧。全文の翻訳・独立した全記述の検証ではない。"
S22,San Ginésのチュロスとチョコレート,https://www.esmadrid.com/churros-con-chocolate-receta-san-gines-madrid,既存資料,2026-09-27,前回調査から継承・2026-09-27,"種別：市観光局・製造者提供／確認日：2026-09-27

関連部分を閲覧。全文の翻訳・独立した全記述の検証ではない。"
S23,Tablafinaのイカサンド,https://www.esmadrid.com/bocadillo-calamares-receta-tablafina-madrid,既存資料,2026-09-27,前回調査から継承・2026-09-27,"種別：市観光局・料理人提供／確認日：2026-09-27

関連部分を閲覧。全文の翻訳・独立した全記述の検証ではない。"
S24,ペピート・デ・テルネラ,https://blog.esmadrid.com/blog/es/2021/05/25/pepitos-de-ternera/,既存資料,2026-09-27,前回調査から継承・2026-09-27,"種別：市観光局／確認日：2026-09-27
古い店紹介は現在営業の証明にしない。
関連部分を閲覧。全文の翻訳・独立した全記述の検証ではない。"
S25,Los Galayos メニューの入口,https://www.losgalayos.net/nuestro-menu,既存資料,2026-09-27,前回調査から継承・2026-09-27,"種別：店舗公式／確認日：2026-09-27
樽出しベルモット・Mahouの扱いを確認。
関連部分を閲覧。全文の翻訳・独立した全記述の検証ではない。"
S26,マドリード州の認証食品,https://www.comunidad.madrid/noticias/2026/03/03/comunidad-madrid-participa-13a-feria-internacional-aceite-oliva-productos-denominacion-origen-protegida,既存資料,2026-09-27,前回調査から継承・2026-09-27,"種別：州政府／確認日：2026-09-27
オリーブ油、ワイン、牛肉、アニス、Campo Realオリーブ等の地域性。
検索結果の公的資料抜粋を確認。本文全体の精査は未了。"
S27,2025年12月の地元生産者市場案内,https://www.comunidad.madrid/docs/assets/2025/11/21/nota_informativa_diciembre_2025.pdf,既存資料,2026-09-27,前回調査から継承・2026-09-27,"種別：州政府／確認日：2026-09-27
過去の開催告知。現在の日程を示さない。地域食材・チーズ・蜂蜜の調査入口。
検索結果の公的資料抜粋を確認。本文全体の精査は未了。"
S28,Madrid 7 Estrellas 購物ガイド,https://www.comunidad.madrid/docs/assets/2024/10/07/aa_ff_guia_madrid-7-estrellas_es_en.pdf,既存資料,2026-09-27,前回調査から継承・2026-09-27,"種別：州政府／確認日：2026-09-27
検索抜粋でAranjuezのイチゴ・アスパラガスを確認。本文精査未了。
検索結果の公的資料抜粋を確認。本文全体の精査は未了。"
S29,サン・イシドロ祭 公式案内,https://www.esmadrid.com/en/whats-on/sanisidro-madrid,既存資料,2026-09-27,前回調査から継承・2026-09-27,"種別：市観光局／確認日：2026-09-27
自動更新ページ。季節習慣のみ採録し、2027日程は記事に転記しない。
関連部分を閲覧。全文の翻訳・独立した全記述の検証ではない。"
S30,Diego Cabreraのスミレのレモネード,https://www.esmadrid.com/limonada-violetas-diego-cabrera-madrid,既存資料,2026-09-27,前回調査から継承・2026-09-27,"種別：市観光局・作り手提供／確認日：2026-09-27
伝統のlimonadaと現代のvioletas版を混同しない。
関連部分を閲覧。全文の翻訳・独立した全記述の検証ではない。"
S31,Casa CamachoのYayoなど現地取材,https://www.ft.com/content/399510a2-85ee-48a2-9827-73c23a3ab3d8,既存資料,2026-09-27,前回調査から継承・2026-09-27,"種別：現地取材記事／確認日：2026-09-27
FTの取材。価格・営業状況は古い可能性。
取材記事の関連部分。店舗公式メニューによる再確認は未了。"
S32,伝統菓子（市公式・ドイツ語）,https://www.esmadrid.com/de/traditionelle-konditorei-madrid,既存資料,2026-09-27,前回調査から継承・2026-09-27,"種別：市観光局／確認日：2026-09-27
Chatitas、Morataのパルメリータ等。Spanish版と同一出典系統。
関連部分を閲覧。全文の翻訳・独立した全記述の検証ではない。"
S33,Los Galayos 公式メニュー PDF,https://www.losgalayos.net/documentos/carta_es-en.pdf,既存資料,2026-09-27,前回調査から継承・2026-09-27,"種別：店舗公式PDF／確認日：2026-09-27
pp.4–5（PDF表示上）を画像でも確認。コシード25.50€、仔豚31€、仔羊肩36.50€。
PDF該当ページのテキストとスクリーンショットを確認。"
S34,Quesos Campo Real 製造者公式,https://quesoscamporeal.com/,既存資料,2026-09-27,前回調査から継承・2026-09-27,"種別：製造者／確認日：2026-09-27
マドリード州Campo Real所在。羊乳100%と混乳製品を区別。
関連部分を閲覧。全文の翻訳・独立した全記述の検証ではない。"
S35,レチェ・メレンガーダ：Miriam Garcíaのレシピ,https://invitadoinvierno.com/helado-de-leche-merengada/,既存資料,2026-09-27,前回調査から継承・2026-09-27,"種別：料理人・自作レシピ／確認日：2026-09-27
牛乳、レモン皮、シナモン、卵白。店の現行販売確認ではない。食品安全に関する古いコメントは採用しない。
関連部分を閲覧。全文の翻訳・独立した全記述の検証ではない。"
S36,コストラーダ・デ・アルカラ：Encarnitaのレシピ,https://elparaisodelosgolosos.blogspot.com/2023/07/costrada-de-alcala-de-henares.html,既存資料,2026-09-27,前回調査から継承・2026-09-27,"種別：自作レシピ／確認日：2026-09-27
2023-07-09。パイ・カスタード・メレンゲの構成。歴史の一次史料ではない。
関連部分を閲覧。全文の翻訳・独立した全記述の検証ではない。"
S37,Chatitas 製造販売元,https://chatitas.es/,既存資料,2026-09-27,前回調査から継承・2026-09-27,"種別：製造販売元／確認日：2026-09-27
ブランドの存在・連絡先の確認用。中身の説明は市観光局も参照。
関連部分を閲覧。全文の翻訳・独立した全記述の検証ではない。"
S38,La Palmerita de Morata 製造販売元,https://lapalmeritademorata.es/,既存資料,2026-09-27,前回調査から継承・2026-09-27,"種別：製造販売元／確認日：2026-09-27
専門販売元の存在を確認。市内販売先は市観光局資料と照合。
関連部分を閲覧。全文の翻訳・独立した全記述の検証ではない。"
S39,La Mallorquina 公式トップ,https://pastelerialamallorquina.es/,既存資料,2026-09-27,前回調査から継承・2026-09-27,"種別：製造販売元／確認日：2026-09-27
スミレ飴の販売など。商品・通販価格と店頭価格を混同しない。
関連部分を閲覧。全文の翻訳・独立した全記述の検証ではない。"
S40,マドリードの食文化・市公式,https://www.esmadrid.com/gastronomia-madrid,既存資料,2026-09-27,前回調査から継承・2026-09-27,郷土食と他地方料理、無料の添え物と有料の注文料理の区別。
S41,La Bola・店舗公式,https://labola.es/en,既存資料,2026-09-28,今回も該当箇所を確認（前回から継承）,個別の土鍋、炭火、2段階での提供を確認。全店共通の方式とはしない。
S42,王宮と王室厨房・市公式,https://www.esmadrid.com/informacion-turistica/palacio-real,既存資料,2026-09-27,前回調査から継承・2026-09-27,Real Cocinaは王宮の通常見学に含まれず別料金。式典等による閉鎖は公式予約で再確認。
S43,王室コレクション・ギャラリー,https://www.esmadrid.com/informacion-turistica/galeria-colecciones-reales,既存資料,2026-09-27,前回調査から継承・2026-09-27,王宮隣接の美術館。建設時に発見された古い城壁も紹介。
S44,レティーロ公園・市公式,https://www.esmadrid.com/informacion-turistica/parque-del-retiro,既存資料,2026-09-27,前回調査から継承・2026-09-27,公園の見どころと悪天候時の閉鎖案内。建物の開館と公園の開園は区別。
S45,クリスタル宮殿・市公式,https://www.esmadrid.com/informacion-turistica/palacio-de-cristal,既存資料,2026-09-28,今回も公式本文を再確認,2027年まで工事で一時閉館と明記。1887年の温室由来。建物を覆うアート作品は別案内。
S46,サン・ミゲル市場・公式再開報告,https://mercadodesanmiguel.es/reapertura-del-mercado-de-san-miguel-tras-las-obras-de-conservacion/,既存資料,2026-09-28,今回も公式本文を再確認,2026年3月13日の記事で、同年2月26日の再開を確認。年初の休業報道だけで現在を判断しない。
S47,食の市場・市公式,https://www.esmadrid.com/mercados-gastronomia-madrid,既存資料,2026-09-27,前回調査から継承・2026-09-27,San Miguel / San Antón / Antón Martín / La Paz等の特徴。各店の営業・料理は別確認。
S48,マヨール広場・市公式,https://www.esmadrid.com/informacion-turistica/plaza-mayor-madrid,既存資料,2026-09-27,前回調査から継承・2026-09-27,回廊を持つ旧市街の広場。イカサンドとの組合せは編集提案。
S49,プラド美術館・市公式,https://www.esmadrid.com/informacion-turistica/museo-del-prado,既存資料,2026-09-27,前回調査から継承・2026-09-27,美術館の見どころ。作品画像の転載権とは別の資料。
S50,ソフィア王妃芸術センター・市公式,https://www.esmadrid.com/informacion-turistica/museo-reina-sofia,既存資料,2026-09-27,前回調査から継承・2026-09-27,近現代美術の見どころ。Guernicaの画像が自由利用できることを意味しない。
S51,ティッセン美術館・市公式,https://www.esmadrid.com/informacion-turistica/museo-nacional-thyssen-bornemisza,既存資料,2026-09-27,前回調査から継承・2026-09-27,美術館の見どころ。個別の展覧会・予約枠は別確認。
S52,ラストロ散策・市公式,https://www.esmadrid.com/que-hacer-en-el-rastro,既存資料,2026-09-27,前回調査から継承・2026-09-27,日曜・祝日の屋外市。周辺の常設店とは営業日が異なる。
S53,サン・アントニオ・デ・ラ・フロリダ礼拝堂・市公式,https://www.madrid.es/portales/munimadrid/es/ErmitaDeSanAntonioDeLaFlorida/Ermita-de-San-Antonio-de-la-Florida/?vgnextchannel=33df541adec0b410VgnVCM1000000b205a0aRCRD&vgnextfmt=default&vgnextoid=797368822e3ab010VgnVCM100000d90ca8c0RCRD,既存資料,2026-09-27,前回調査から継承・2026-09-27,ゴヤのフレスコ画、保存工事後の6月12日再開案内を確認。本文に年を明記しない案内のため、日付は年を補って断定しない。
S54,デボー神殿・市公式,https://www.esmadrid.com/informacion-turistica/templo-de-debod,既存資料,2026-09-27,前回調査から継承・2026-09-27,エジプトから移された古代神殿。1972年に現地で一般公開。水面の状態は古写真から現況を推定しない。
S55,マドリード・リオ・市公式,https://www.esmadrid.com/informacion-turistica/madrid-rio,既存資料,2026-09-27,前回調査から継承・2026-09-27,川沿いの公園・文化施設の位置づけ。散策の所要時間は編集上の目安。
S56,アルカラ・デ・エナレス・市公式,https://www.esmadrid.com/en/trips-alcala-henares,既存資料,2026-09-27,前回調査から継承・2026-09-27,大学、セルバンテス関連の街歩き、コストラーダ、ロスキージャ、修道院のアーモンド菓子。起源を特定店に断定しない。
S57,アランフエス・市公式,https://www.esmadrid.com/en/trips-aranjuez,既存資料,2026-09-27,前回調査から継承・2026-09-27,宮殿と庭園、地元のイチゴ・アスパラガス、菜園と飲食文化。具体的な当日入荷は未確認。
S58,チンチョン・市公式,https://www.esmadrid.com/en/chinchon,既存資料,2026-09-27,前回調査から継承・2026-09-27,中央広場、アニス、ニンニク、焼き肉料理。城内は一般見学を案内しない。
S59,エル・エスコリアル・市公式,https://www.esmadrid.com/en/trips-el-escorial,既存資料,2026-09-27,前回調査から継承・2026-09-27,修道院・宮殿の複合施設と周辺。飲食の組合せは提案であり、食事付き入場ではない。
S60,主要名所・市公式,https://www.esmadrid.com/top-10-madrid,既存資料,2026-09-27,前回調査から継承・2026-09-27,Gran Vía等の位置づけ。総合ページの短い開館説明より施設個別ページを優先。
S61,アルカラ門・市公式,https://www.esmadrid.com/informacion-turistica/puerta-de-alcala,既存資料,2026-09-27,前回調査から継承・2026-09-27,レティーロ近くの歴史的な門。街歩きの接続点。
S62,プエルタ・デル・ソル・市公式,https://www.esmadrid.com/informacion-turistica/puerta-del-sol,既存資料,2026-09-27,前回調査から継承・2026-09-27,中心広場と象徴的なモニュメント。店舗の営業時間は各店舗情報を優先。
S63,CentroCentroと展望台・市公式,https://www.esmadrid.com/informacion-turistica/centrocentro,既存資料,2026-09-27,前回調査から継承・2026-09-27,シベーレス宮殿の8階展望台と6階の飲食施設を区別。建物入場無料と展望台料金を混同しない。
S64,シベーレス噴水・市公式,https://www.esmadrid.com/informacion-turistica/fuente-de-la-cibeles,既存資料,2026-09-27,前回調査から継承・2026-09-27,6月末から約5か月の修復用足場を案内。現地で遮蔽物なく見えると保証しない。
S65,ラ・ラティーナ地区・市公式,https://www.esmadrid.com/barrios-de-madrid/latina,既存資料,2026-09-27,前回調査から継承・2026-09-27,Cava Bajaや広場、バル、Rastroとの関係。
S66,ラス・レトラス地区・市公式,https://www.esmadrid.com/barrios-de-madrid/barrio-letras,既存資料,2026-09-27,前回調査から継承・2026-09-27,文学者ゆかりの地区。サンタ・アナ広場などの散策と食の接続。
S67,カンポ・デル・モーロ庭園・市公式,https://www.esmadrid.com/informacion-turistica/campo-del-moro,既存資料,2026-09-27,前回調査から継承・2026-09-27,王宮西側の庭園。高台の展望地点と庭園への入口を混同しない。
S68,アルムデナ大聖堂・市公式,https://www.esmadrid.com/informacion-turistica/catedral-de-la-almudena,既存資料,2026-09-27,前回調査から継承・2026-09-27,王宮の向かいの大聖堂。礼拝空間・博物館・地下聖堂は別確認。
S69,サルディーナ・デ・チョコラテの2017年発表・市公式,https://diario.madrid.es/blog/notas-de-prensa/madrid-ya-tiene-postre-oficial-para-el-carnaval/,既存資料,2026-09-27,前回調査から継承・2026-09-27,2017年2月24日のカーニバル菓子コンテストの発表。現在の取扱店を保証する資料ではない。
S70,Casa Labra・市公式店舗案内,https://www.esmadrid.com/restaurantes/casa-labra,既存資料,2026-09-27,前回調査から継承・2026-09-27,ソル近くのTetuán 12、タラの衣揚げとクロケッタ。
S71,王宮・王室厨房 公式予約,https://tickets.patrimonionacional.es/en/tickets/cocinas-palacio-real-de-madrid,管理者公式,2026-09-28,今回・関連記述を確認,厨房ガイド約45分。ネット購入のガイドはスペイン語。厨房のみ基本8ユーロ、王宮自由見学＋厨房基本24ユーロ。購入画面には0.77ユーロの予約料表示。選択時刻は厨房の開始時刻。個人撮影の許可は商用転載許可を意味しない。
S72,Historia culinaria de Madrid,https://www.esmadrid.com/sites/default/files/historia_culinaria_de_madrid.pdf,市観光局・料理専門団体,2026-09-28,今回・関連記述を確認,Academia Madrileña de Gastronomíaの料理史・レシピ。PDFページ10（冊子20–21頁）のペピトリアを画像で確認。卵黄・アーモンドによるソース、カスティーリャの系譜。起源の仮説は断定しない。
S73,アルカラ市公式・食と菓子,https://www.turismoalcala.es/gastronomia-restaurantes-alcala-de-henares/,自治体公式,2026-09-28,今回・関連記述を確認,コストラーダ、ロスキージャス、砂糖がけアーモンド等を地元の菓子として紹介。特定店の発明年や当日販売を証明する資料ではない。
S74,Costrada de Alcalá de Henares レシピ,https://bake-street.com/en/costrada-de-alcala-de-henares/,作り手のレシピ,2026-09-28,今回・関連記述を確認,パイ生地、菓子用クリーム、メレンゲ、アーモンドの組合せを確認。歴史の一次史料でも、現地店のメニューでもない。
S75,アルカラのコストラーダ・コンテスト報道,https://www.alcalahoy.es/2024/11/28/primer-concurso-de-la-costrada-patrimonio-gastronomico-de-alcala/,現地報道・証言,2026-09-28,今回・関連記述を確認,2024-11-28。市の年代記編纂者の説明として1934年・Lino Gómez Nogueraを紹介。流布する19世紀Salinas説と一致せず、記事内にも年代の揺れがある。歴史は起源未確定として本文から年・発明店を落とす。
S76,アランフエスのイチゴ,https://www.fresasdearanjuez.es/,地元生産者団体,2026-09-28,今回・関連記述を確認,小さいfresaとfresónを区別している。栽培の労力、傷みやすさ、保全の取組。サイト内の学名の誤記・年代の不整合は転記しない。
S77,アランフエスのアスパラガス,https://delahuertadearanjuez.es/esparrago-de-aranjuez/,現地生産者,2026-09-28,今回・関連記述を確認,緑色のアスパラガス、通称Pericos、春が旬。蒸す、炭火・鉄板、卵料理などの用途。栄養・健康の宣伝文句は採用しない。菜園見学への導線はあるが空席・実施日は未確認。
S78,アランフエス農産物等の品質表示計画,https://www.comunidad.madrid/noticias/2026/02/04/comunidad-madrid-incorporara-sellos-calidad-fresas-esparragos-aranjuez-ajo-fino-chinchon-miel-madrid,州政府公式・2026-02-04,2026-09-28,今回・関連記述を確認,イチゴ、アスパラガス、ニンニク、蜂蜜の品質表示について、仕様書作成・EU申請に向けた計画を説明する発表。最終登録の証拠ではない。その後の登録状況は未確認のため新しいDOP/IGPを取得済みと書かない。
S79,Antonio Simón オーク蜂蜜・産地表示,https://miel-antoniosimon.com/producto/miel-ecologica-de-roble/,生産販売者公式,2026-09-28,今回・関連記述を確認,会社はCobeña（Madrid）所在だが、この商品の説明はスペインとポルトガルの蜂蜜。所在地だけで州内採蜜と断定できない具体例。効能、受賞順位、口コミの味覚評価は転載しない。
S80,Miel Antonio Simón 公式,https://miel-antoniosimon.com/,生産販売者公式,2026-09-28,今回・関連記述を確認,マドリード州所在の養蜂・販売事業者。商品の存在を確認。全商品がマドリード州内採蜜であることは証明しない。
S81,Eva ArguiñanoのHuesos de Expedito,https://www.hogarmania.com/cocina/recetas/postres/huesos-expedito-24561.html,料理人のレシピ,2026-09-28,今回・関連記述を確認,小麦粉、卵、アニス等の生地を細長くして切れ目を入れ、揚げて粉糖。聖週間の菓子として特にセビリアにも言及。マドリード固有としない。
S82,プラド・スルバラン《器のある静物》,https://www.museodelprado.es/aprende/enciclopedia/voz/bodegon-con-cacharros-zurbaran/98bc3d58-c579-4973-bb9d-4913955c005c,美術館公式,2026-09-28,今回・関連記述を確認,作品P002803。食文化の補助として水の器や金属・陶器に注目する編集案。収蔵と当日の展示は別。作品画像の商用転載権は未確認。
S83,プラド・同作品のやさしい解説,https://www.museodelprado.es/lectura-facil/bodegon-con-cacharros-zurbaran/928d34c8-ce8d-ec63-1d92-f193cf162f40,美術館公式,2026-09-28,今回・関連記述を確認,器の用途に関する補助解説。S82と同一作品・同一機関の別ページで、独立した二つの裏付けとは数えない。
S84,Casa Enriqueta・サンイシドロと内臓料理,https://gallinejasenriqueta.es/san-isidro,飲食店公式・2022年記事,2026-09-28,今回・関連記述を確認,羊の腸と腸間膜など、部位と祭りの関係。2022年のイベント記述を現在の開催案内にはしない。
S85,Casa Enriqueta・家族の来歴,https://gallinejasenriqueta.es/nuestra-historia,飲食店の自己紹介,2026-09-28,今回・関連記述を確認,家族の露店と店の歴史を区別。家族史の1909年を現レストランの開店年に置き換えない。
S86,アランフエスのアスパラガス・生産者団体,https://www.esparragodearanjuez.es/,地元生産者団体,2026-09-28,今回・関連記述を確認,緑のアスパラガスとPericosの呼称を補助確認。栄養表示の単位が不自然な箇所は使用しない。
